name,SAFE enriched score,SAFE total score,enriched SAFE score ratio,enriched abundance ratio,number of enriched nodes,number of enriched samples,Category
country:USA,1702.1617184748093,1772.0771170876694,0.9605460744689469,0.3690009055236945,2421,2967,Anthropometrics
race:Caucasian,1350.5679902170405,1531.4606323347145,0.8818822774164929,0.46688264938804896,2665,4175,Anthropometrics
census_region:Not provided,1188.2167587292165,1273.2140530963575,0.9332419445415057,0.4480750566159819,1940,3005,Sample description
age_years,1182.5321184430131,1309.4524645548797,0.903073727724045,0.3699281292250765,2054,3184,Anthropometrics
economic_region:Not provided,1181.425632564761,1268.6002728936928,0.9312828144596836,0.4480750566159819,1933,2998,Anthropometrics
antibiotic_history:I have not taken antibiotics in the past year.,1168.1886542793413,1302.156541368715,0.897118447104249,0.4125141106273182,2234,3402,Health (medication)
subset_antibiotic_history,1163.3731421559346,1301.1645260188732,0.8941014905436026,0.4123528463151105,2229,3403,Health (medication)
country:United Kingdom,1149.077486830667,1210.2817692309163,0.9494297245845965,0.4663438256658596,1800,2725,Anthropometrics
subset_healthy,1061.2590856549346,1188.7353950513595,0.8927630909897174,0.41382816471784445,2025,3121,Health
other_supplement_frequency,1006.1654494361665,1165.2520181414038,0.8634745392168613,0.38473673831591404,2163,3148,Dietary habit
ready_to_eat_meals_frequency:Never,966.8050765647048,1109.380423033798,0.871482006073989,0.430622009569378,2090,3299,Dietary habit
homecooked_meals_frequency:Daily,949.6082648923095,1083.6800508329459,0.8762810242399635,0.3964941569282137,1871,3004,Dietary habit
sex:female,927.2698279988662,1131.0196646573338,0.8198529671717087,0.42925851703406814,2304,3494,Anthropometrics
country_residence:United Kingdom,914.6629756889507,1028.660391645996,0.8891787640674742,0.44435548438751,1721,2640,Anthropometrics
sugar_sweetened_drink_frequency:Never,896.3261176126089,1049.7936331748429,0.8538117295509697,0.39715860899067007,1996,3146,Dietary habit
multivitamin,887.1501645275798,1034.5290134783013,0.8575401491590814,0.3920676202860858,2156,3092,Dietary habit
sibo:I do not have this condition,880.5868891607818,1013.2218841486276,0.8690958051115387,0.34979494190020505,1954,2972,Health
vegetable_frequency:Daily,875.2902100980953,1002.5730653286083,0.8730438113367885,0.38328873030032706,1823,2829,Dietary habit
alcohol_consumption,863.3142793588415,1022.7104796530243,0.8441433783407977,0.3745612803593991,1998,3224,Life style
poultry_frequency:Occasionally (1-2 times/week),858.5935030582561,1001.2250481092578,0.857542971662214,0.4237093690248566,1986,3201,Dietary habit
chickenpox:true,851.8852324096332,1069.3975463698291,0.7966029427516811,0.41492657955004714,2218,3612,Health (medication)
vitamin_b_supplement_frequency:Never,847.1671706807372,989.4405342417211,0.8562082726173956,0.3777367449221841,1906,2960,Dietary habit
subset_bmi,834.4670966247675,1004.1794278851697,0.8309940170574682,0.4113985336837737,2189,3578,Anthropometrics
prepared_meals_frequency:Rarely (less than once/week),818.676384259895,952.3866037855921,0.8596051025978113,0.41109422492401215,1906,3118,Dietary habit
olive_oil:Not provided,811.8809706897256,977.9349646820403,0.8301993486383785,0.37899697071693034,2068,2835,Dietary habit
one_liter_of_water_a_day_frequency:Not provided,806.525121487597,965.0474383392354,0.8357362440913351,0.3826086956521739,2077,2874,Dietary habit
autoimmune:Not provided,804.4280554669923,993.626034473365,0.8095883436602482,0.39225422045680236,2160,2968,Health
thyroid:I do not have this condition,804.1311798681412,987.7781522621895,0.8140807508513286,0.3390008764241893,1914,2859,Health
ibs:Not provided,803.5429175148674,983.2276443613613,0.8172501272955919,0.3747133966590239,2051,2823,Health
cdiff:Not provided,796.0692570274331,980.7068986827022,0.8117300470678072,0.38881621975147157,2107,2928,Health
sibo:Not provided,795.2169723585989,981.979946444308,0.8098097881102696,0.38753559000316357,2070,2969,Health
clinical_condition:Not provided,793.3669558798837,987.0358707591433,0.8037873590852315,0.38401498595067124,2141,2945,Health
red_meat_frequency:Not provided,793.1574563326136,969.5990856582488,0.8180262007922057,0.38316498316498315,2065,2828,Dietary habit
poultry_frequency:Not provided,789.3145947849019,966.3563148844305,0.8167945742449031,0.3853989813242784,2115,2894,Dietary habit
add_adhd:I do not have this condition,788.8693837304489,959.1993557129018,0.8224248473813254,0.321524064171123,1818,2663,Health
epilepsy_or_seizure_disorder:Not provided,788.796984652457,960.7445103845039,0.8210267934154201,0.3826204109127652,2086,2884,Health
kidney_disease:Not provided,786.5865701254359,977.7539069804416,0.8044831777298849,0.3818303721086155,2038,2847,Health
breastmilk_formula_ensure:Not provided,786.4991189279468,949.9678165445143,0.827921857172824,0.36868528396611233,1962,2774,Dietary habit
liver_disease:I do not have this condition,786.2215121795522,949.0730046979238,0.8284099413719971,0.3210922787193974,1835,2731,Health
salted_snacks_frequency:Not provided,783.4634723387115,966.13373481066,0.810926525086356,0.38443316412859563,2065,2872,Dietary habit
whole_eggs:Not provided,782.0073822224756,957.3197522046207,0.8168716674043165,0.3837052062204192,2066,2872,Dietary habit
seafood_frequency:Not provided,781.1198020420914,959.1343084933808,0.8144008561940437,0.388009430784776,2051,2897,Dietary habit
fungal_overgrowth:Not provided,780.3271301734972,972.4509719336587,0.8024333901603953,0.3805394990366089,2079,2909,Health
last_travel:I have not been outside of my country of residence in the past year.,780.047546516613,938.5773155607429,0.8310956738290463,0.30483795209018316,1912,2496,Anthropometrics
thyroid:Not provided,778.8258338992432,971.3865329065316,0.8017671725063776,0.38249001331557925,2072,2891,Health
cdiff:I do not have this condition,777.0434077905101,927.9304225812821,0.8373940425715969,0.3312727849104454,1824,2810,Health
sugar_sweetened_drink_frequency:Not provided,776.7097053668577,947.7427575717566,0.819536418676405,0.38769334229993274,2093,2918,Dietary habit
alzheimers:Not provided,776.401108420024,960.9040171148877,0.8079902826831412,0.3840407470288625,2105,2909,Health
vegetable_frequency:Not provided,774.9138385492242,956.6153198095143,0.8100579433575543,0.3780323450134771,2077,2839,Dietary habit
whole_grain_frequency:Not provided,773.0733132595606,957.9760354258664,0.8069860671576115,0.39472806139472805,2069,2962,Dietary habit
bmi_cat:Normal,771.2259828762031,950.7236345979915,0.8111989171304361,0.39694803940506085,1949,3251,Anthropometrics
homecooked_meals_frequency:Not provided,770.8099441669284,951.009466611809,0.8105176354480644,0.3911725067385445,2090,2915,Dietary habit
sugary_sweets_frequency:Not provided,770.4537359147008,945.7714049837662,0.8146299749123049,0.3896809232858113,2067,2937,Dietary habit
clinical_condition:I do not have this condition,769.1007691747334,922.8741587268457,0.8333755603643177,0.3124346917450366,1725,2526,Health
frozen_dessert_frequency:Not provided,768.4246782623942,949.5511055876126,0.8092504697647299,0.3920108327691266,2074,2928,Dietary habit
alzheimers:I do not have this condition,765.6340731026876,931.5174642639092,0.8219213299534822,0.308915736351124,1797,2646,Health
asd:Not provided,765.2446295889954,954.8916226057577,0.8013942226247166,0.3825503355704698,2102,2876,Health
liver_disease:Not provided,764.7391014468652,953.1402480077196,0.8023363854850787,0.3772954924874791,2044,2843,Health
high_fat_red_meat_frequency:Not provided,759.6685636605464,943.5790754685445,0.8050926344284656,0.38533333333333336,2046,2901,Dietary habit
vitamin_d_supplement_frequency:Not provided,759.5401396012265,934.9412503546437,0.812393441099231,0.3794266441821248,2066,2855,Dietary habit
fermented_plant_frequency:Not provided,759.4496587237273,947.8094056550564,0.801268329046441,0.3775310254735467,2013,2843,Dietary habit
ready_to_eat_meals_frequency:Not provided,757.6995824526605,940.3781383936913,0.805739256919484,0.38012885723974227,2037,2841,Dietary habit
milk_substitute_frequency:Not provided,757.0323358348599,931.574772057857,0.8126372230567909,0.38617200674536256,2066,2901,Dietary habit
prepared_meals_frequency:Not provided,756.6236719564117,944.8083428085664,0.8008223865882141,0.3787002381762504,2083,2834,Dietary habit
fed_as_infant:Not provided,756.1198205503583,941.420674074786,0.8031689141450621,0.3868340685442823,2100,2910,Dietary habit
meat_eggs_frequency:Not provided,755.4324468678226,939.7944499142549,0.8038273123838376,0.3820530251529572,2068,2870,Dietary habit
roommates:Not provided,753.6844328391686,922.2872358323013,0.8171905709602711,0.3694706308919507,1918,2736,Anthropometrics
last_move:I have lived in my current state of residence for more than a year.,749.7124648972754,910.0046120005708,0.8238556761257437,0.322272498743087,1818,2734,Anthropometrics
epilepsy_or_seizure_disorder:I do not have this condition,749.5666503737569,925.938987127875,0.8095205632271747,0.3362777002944367,1833,2890,Health
milk_cheese_frequency:Not provided,747.8260179809322,930.7379651988529,0.8034764304700502,0.3833952075599055,2044,2875,Dietary habit
consume_animal_products_abx:Not provided,747.3830750763466,926.127616023633,0.806997936510377,0.37692571037315986,2018,2817,Health (medication)
cardiovascular_disease:Not provided,746.0739458808789,932.3995053883054,0.8001655315874179,0.3764745534209639,2016,2828,Health
asd:I do not have this condition,745.4004564796726,925.1751615867895,0.8056857635490547,0.32102092580849717,1797,2737,Health
autoimmune:I do not have this condition,745.3506607461175,912.9776494937942,0.8163952985698845,0.35530489954176947,1917,2991,Health
fruit_frequency:Not provided,744.5914098817366,932.9699310972301,0.7980872534724149,0.388460248238846,2094,2929,Dietary habit
last_move:Not provided,736.0208239842933,932.9831515377621,0.7888897272916114,0.3796169630642955,2044,2833,Anthropometrics
vitamin_b_supplement_frequency:Not provided,735.3644076960383,918.1220223183375,0.8009440900232189,0.3739042481456507,2030,2788,Dietary habit
alcohol_types_unspecified,728.4813956744881,925.4118615856793,0.787196950800097,0.345508166969147,2040,2823,Life style
breastmilk_formula_ensure:false,728.3772627440383,902.7957344983699,0.8068018433303236,0.35,1941,2983,Dietary habit
level_of_education:Not provided,726.3143524621037,903.9920037442482,0.8034521870257472,0.36163421640600063,2021,2741,Anthropometrics
bowel_movement_quality:Not provided,725.7932992830621,922.6345973002608,0.7866530275439704,0.3711892797319933,2002,2804,Bowel habit
add_adhd:Not provided,724.2262794879616,940.4341857283714,0.7700977808745271,0.3860991020951114,2080,2918,Health
kidney_disease:I do not have this condition,721.1952003278232,899.5325499040149,0.80174441759198,0.31822444513910597,1725,2711,Health
weight_change:Remained stable,720.8063154135546,955.0813184135667,0.7547067474954348,0.3927547563200417,2183,3498,Anthropometrics
cardiovascular_disease:I do not have this condition,717.1377315317218,881.2249162236714,0.8137964761651143,0.31545541098064106,1789,2679,Health
probiotic_frequency:Not provided,700.7927621861946,901.5729357046215,0.7773001322832437,0.3841442667574005,2034,2881,Health (medication)
roommates:None,698.6018306993277,909.349472089657,0.7682435104888359,0.348755832037325,1797,2890,Anthropometrics
vitamin_d_supplement_frequency:Never,691.6811296116732,844.3873708638273,0.81915143863896,0.32727907789032484,1701,2386,Dietary habit
fungal_overgrowth:I do not have this condition,688.8466312635363,839.6582636523528,0.8203892715438603,0.310480841472577,1772,2583,Health
cosmetics_frequency:Never,681.9646155447676,834.463941437911,0.8172487529774345,0.3076470588235294,1750,2587,Life style
lowgrain_diet_type,673.5297814314283,843.7805548330786,0.7982286123726444,0.4225526641883519,1864,3068,Dietary habit
sex:male,670.040001253542,806.7521926911046,0.8305400435522484,0.3028322440087146,1681,2444,Anthropometrics
olive_oil:Daily,660.5157606501759,767.254335002102,0.8608824095446347,0.32134433962264153,1379,2202,Dietary habit
gluten:No,660.4376499497183,833.6647924262763,0.7922100776591485,0.29961587708066584,1760,2614,Dietary habit
alcohol_types_white_wine,657.416256841628,806.1244674211866,0.8155269854849089,0.3712966525586764,1616,2690,Life style
alcohol_types_red_wine,651.090504378715,811.3619695688932,0.8024661357059458,0.3707182320441989,1680,2790,Life style
bowel_movement_frequency:Not provided,647.4259084726933,832.4254231698069,0.7777584519311642,0.3581723397730757,1904,2747,Bowel habit
salted_snacks_frequency:Rarely (less than once/week),642.4227633592212,790.544368459068,0.812633406789595,0.3760969494358546,1722,2798,Dietary habit
exercise_location:Outdoors,635.3993503691644,773.4865213223611,0.8214743668485375,0.3158090976882923,1595,2432,Life style
bowel_movement_quality:I tend to have normal formed stool,627.0422038757912,826.9733457331972,0.7582375019836384,0.4273937856689918,1968,3331,Bowel habit
allergic_to_unspecified,621.531430258434,805.3454531936413,0.7717575455274718,0.34485349361382417,1924,2774,Health
census_region:West,620.2684361702746,836.516428299146,0.7414898442956351,0.3740034662045061,2014,2906,Sample description
gluten:Not provided,620.1351055859345,821.9902982676128,0.7544311738142182,0.4083969465648855,2016,2934,Dietary habit
fruit_frequency:Daily,614.6007979608605,768.1167690410281,0.800139800004851,0.3649598393574297,1572,2443,Dietary habit
teethbrushing_frequency:Daily,609.9012944115917,875.7235867865303,0.6964541136200589,0.3853503184713376,2120,3509,Life style
level_of_education:Graduate or Professional degree,606.5208836263305,769.9426090698696,0.7877481730216737,0.3382451440053583,1517,2474,Anthropometrics
livingwith:true,601.1191619132123,804.6709510435459,0.7470372344542136,0.34641591714363584,1698,2802,Anthropometrics
flu_vaccine_date:I have not gotten the flu vaccine in the past year.,600.708905680546,875.7711762021004,0.6859199320598801,0.4238398203592814,2091,3675,Health (medication)
non_food_allergies_unspecified,600.414092092873,799.5381416429802,0.7509511564502416,0.3053018945072918,1809,2687,Health
chickenpox:false,582.6273887002801,731.4540812903828,0.7965331024914749,0.33505154639175255,1613,2271,Health (medication)
types_of_plants:Not provided,582.1580646643072,805.9588528806173,0.7223173522861462,0.37945007235890016,1944,3151,Dietary habit
gluten:I do not eat gluten because it makes me feel bad,576.2662962188217,749.4287334980365,0.7689407550855955,0.43506493506493504,1719,2970,Dietary habit
bowel_movement_frequency:One,575.9520359618641,737.8343109468132,0.7805980657402386,0.3489698890649762,1648,2705,Bowel habit
collection_season:Spring,574.8649877705674,766.8216549772062,0.7496723443310365,0.3463434675431389,1788,2687,Sample description
fed_as_infant:Primarily breast milk,574.6147598507312,766.237391336767,0.7499174098620616,0.31524975190208404,1624,2407,Dietary habit
flossing_frequency:Daily,572.851746297574,758.9039662601798,0.7548408912929302,0.38051837083452006,1784,3015,Life style
country_residence:United States,568.8223843656808,739.1059784878148,0.769608690663647,0.3319200484554815,1688,2121,Anthropometrics
vegetable_frequency:Regularly (3-5 times/week),566.2544680535984,771.0661697627626,0.7343785660157033,0.4214659685863874,2050,3363,Dietary habit
vitamin_d_supplement_frequency:Rarely (a few times/month),564.5151483464329,724.0863843109217,0.7796240346152273,0.4084848484848485,1646,2658,Dietary habit
subset_ibd,564.0721116673428,822.2852003590008,0.6859811065808737,0.3701275898396348,1992,3341,Health
ibd:I do not have this condition,562.3850150974235,822.5707112653829,0.6836920004509902,0.36521128409223924,1947,3295,Health
salted_snacks_frequency:Never,558.7567359145366,742.6033634968439,0.7524295786695712,0.4418604651162791,1838,2989,Dietary habit
seafood_frequency:Occasionally (1-2 times/week),556.8937910919442,761.9005590114527,0.730927132819669,0.40588662790697677,1907,3161,Dietary habit
allergic_to_i_have_no_food_allergies_that_i_know_of,554.9391282888196,696.3163596820856,0.7969640818753504,0.3077603360601371,1530,2505,Health
antibiotic_history:6 months,551.8663525369434,696.3713061107578,0.7924886446271368,0.32413793103448274,1503,1976,Health (medication)
acid_reflux:Not provided,549.4206189305496,789.3169765500863,0.6960709515357624,0.3773494743548901,2078,3305,Health
race:Asian or Pacific Islander,548.4896039300086,622.0259544233674,0.881779289159198,0.3348729792147806,1233,1456,Anthropometrics
artificial_sweeteners:Not provided,547.6873656714305,797.3905350882108,0.6868495944848944,0.3732755854988771,2080,3271,Dietary habit
pregnant:false,546.7151610579169,740.2273892936018,0.738577319571553,0.32484967137463294,1829,2821,Anthropometrics
cancer:Not provided,546.5828588962631,801.7631759147057,0.6817260698867648,0.379447901707356,2093,3334,Health
age_cat:50s,544.6382422108221,732.5410163154377,0.7434918046640774,0.3907793633369923,1682,2843,Anthropometrics
drinks_per_session:Not provided,540.2704499789443,782.4538848989248,0.6904821618321122,0.37087256748273695,1942,3353,Life style
diabetes:I do not have this condition,539.3868696499258,784.7639097159929,0.6873237453607297,0.3509320236633553,1881,3211,Health
subset_diabetes,535.8301341715822,782.8953188887629,0.6844211751478301,0.3490344904565242,1874,3197,Health
vivid_dreams:Not provided,532.8354044725138,789.432548237973,0.6749600148382677,0.38944523923064694,2115,3428,Life style
economic_region:Southeast,531.8942051388374,675.9449770715275,0.7868897960352076,0.32563791008505466,1546,2058,Anthropometrics
whole_eggs:Regularly (3-5 times/week),530.4248354688194,699.4078270430166,0.7583913347257922,0.40011997600479904,1706,2890,Dietary habit
age_cat:60s,522.2339518006142,718.820995246165,0.7265146055197953,0.4179278230500582,1716,3002,Anthropometrics
ibs:I do not have this condition,521.9932559013558,719.847868686065,0.7251438513725792,0.30612648221343874,1615,2514,Health
country_residence:Not provided,518.2710036439053,769.9167739710454,0.6731519836498537,0.36314015090704765,1995,3179,Anthropometrics
census_region:South,516.9692208844906,714.601758201968,0.7234368163118619,0.37020316027088035,1802,2602,Sample description
high_fat_red_meat_frequency:Rarely (less than once/week),516.9397012313475,704.4144408656041,0.7338573306306975,0.35105162523900574,1732,2748,Dietary habit
diet_type:Omnivore,516.8425011186714,731.263265938338,0.7067803418998116,0.2928881293545419,1556,2579,Dietary habit
frozen_dessert_frequency:Never,513.2919575771396,704.4822811419856,0.7286087547086051,0.3635427394438723,1623,2601,Dietary habit
fermented_plant_frequency:Daily,510.10154971251615,700.02048221781,0.7286951777416694,0.5050100200400801,1775,3042,Dietary habit
depression_bipolar_schizophrenia:Not provided,508.9819167761567,673.604950679243,0.755608931114468,0.2738627602158828,1680,2344,Health
livingwith:Not sure,507.19918654667526,709.4580383075687,0.7149107616802998,0.5072463768115942,1935,3170,Anthropometrics
age_cat:30s,501.83714462375457,712.3748847494343,0.7044565373753557,0.377335744424352,1819,2832,Anthropometrics
meat_eggs_frequency:Occasionally (1-2 times/week),501.12010643848464,647.2796625604785,0.7741941164290211,0.34852801519468185,1587,2493,Dietary habit
types_of_plants:Less than 5,499.2986619167676,624.9392673339909,0.7989554953824397,0.3231441048034934,1399,1780,Dietary habit
one_liter_of_water_a_day_frequency:Daily,494.6325509997232,672.3592723673955,0.7356670329809067,0.2805171377029465,1524,2204,Dietary habit
height_cm,492.21392126399826,767.5001539137284,0.6413209414409135,0.37745280758273647,1997,3458,Anthropometrics
alcohol_frequency:Regularly (3-5 times/week),490.6831883378463,738.9599488191277,0.6640186509728538,0.454242928452579,1934,3365,Life style
fruit_frequency:Regularly (3-5 times/week),489.691810210286,702.1662763173385,0.6974014940999155,0.38418932527693855,1810,3009,Dietary habit
contraceptive:No,489.350835438945,715.4515782432348,0.6839747794540171,0.3387096774193548,1820,2996,Health (medication)
red_meat_frequency:Occasionally (1-2 times/week),488.7572492756207,663.9871643785858,0.7360944239532706,0.34634551495016613,1595,2646,Dietary habit
subset_age,483.44432595082014,743.7494023512697,0.6500097000716532,0.3706221937139192,1913,3312,Anthropometrics
one_liter_of_water_a_day_frequency:Regularly (3-5 times/week),482.1477094927613,685.9454321907667,0.7028951383973533,0.391713747645951,1781,2972,Dietary habit
exercise_location:Indoors,481.45612587458686,655.2145548464518,0.7348068236784134,0.3204732510288066,1610,2282,Life style
roommates_in_study,481.11973608989126,677.7241499811627,0.7099049607473247,0.3812392426850258,1761,2682,Anthropometrics
milk_substitute_frequency:Occasionally (1-2 times/week),479.4447308325307,641.7098564687692,0.7471363046702156,0.39285714285714285,1609,2560,Dietary habit
whole_grain_frequency:Never,477.9781568544944,624.9741836731197,0.7647966417513516,0.3888888888888889,1479,2398,Dietary habit
sugary_sweets_frequency:Rarely (less than once/week),477.211413621103,644.7825159591087,0.7401122111868293,0.3725845410628019,1626,2732,Dietary habit
whole_grain_frequency:Daily,477.16889464399003,625.9370945159997,0.762327235156045,0.3353819139596137,1355,2239,Dietary habit
lung_disease:Not provided,474.77268138577506,681.7091176927086,0.6964446698214568,0.4575971731448763,1837,2990,Health
bowel_movement_frequency:Less than one,472.3580015019678,636.3020093967104,0.7423487503203378,0.44178628389154706,1637,2864,Bowel habit
seafood_frequency:Regularly (3-5 times/week),471.45008499724935,609.6603347584646,0.7732995868659038,0.37139561707035756,1386,2315,Dietary habit
milk_cheese_frequency:Daily,470.6179392776976,674.9919099740208,0.6972201182319515,0.37121721587088097,1606,2630,Dietary habit
softener,470.3861793260941,620.3528722471111,0.7582558256274514,0.27872062663185376,1606,2199,Life style
homecooked_meals_frequency:Regularly (3-5 times/week),469.88453344507343,625.489063104133,0.7512274173319092,0.28622700762673847,1458,2154,Dietary habit
whole_grain_frequency:Regularly (3-5 times/week),469.49458019654134,638.806469605363,0.734955894367479,0.324235807860262,1565,2346,Dietary habit
weight_change:Decreased more than 10 pounds,469.10411444572907,646.8961297581878,0.725161417523215,0.3573170731707317,1643,2446,Anthropometrics
elevation,469.0685759616767,641.4570136897701,0.7312548868450502,0.37688221503449837,1644,2840,Sample description
economic_region:Far West,466.6837964299949,667.6661631674936,0.6989777559132058,0.31948291782086796,1677,2408,Anthropometrics
flossing_frequency:Never,461.6966055742547,600.4831893220569,0.7688751555151916,0.32538955087076077,1492,2312,Life style
probiotic_frequency:Never,461.6017560663217,653.9337786832011,0.7058845576012753,0.3426676492262343,1621,2584,Health (medication)
cancer_treatment:Not provided,460.64787780416714,750.8861440113033,0.6134723372885049,0.3888468604776829,2092,3627,Health (medication)
acne_medication_otc,460.1928494484654,658.5179573221872,0.6988311318339812,0.3564493758668516,1644,2227,Health (medication)
non_food_allergies_poison_ivyoak,459.633402088501,622.9355248945759,0.7378506823258928,0.3463611859838275,1539,2254,Health
last_travel:Month,458.28219053180777,611.5364245423287,0.7493947574337607,0.4169246646026832,1508,2572,Anthropometrics
exercise_frequency:Regularly (3-5 times/week),457.9507083082128,683.2928675426924,0.6702114569922683,0.3414239482200647,1715,2813,Life style
seasonal_allergies,457.0051245734784,615.8915868746786,0.7420220284101228,0.2834777746715124,1524,2178,Health
alcohol_frequency:Never,456.2488717442701,637.0547939286262,0.7161846611822011,0.26737720111214086,1496,2049,Life style
drinking_water_source:Filtered,455.3256689028532,633.8929608394361,0.718300560239517,0.30528554070473873,1531,2420,Dietary habit
frozen_dessert_frequency:Rarely (less than once/week),453.5191227218012,655.2828458237376,0.6920967420590647,0.31409117821195975,1520,2562,Dietary habit
artificial_sweeteners:Never,452.99079816445726,623.9561033203124,0.7259978638784323,0.32317327766179543,1428,2342,Dietary habit
exercise_location:Both,452.4101805987079,712.3248340397294,0.6351177987618428,0.4410304158907511,2014,3630,Life style
collection_month:February,450.610192586096,632.2301492939316,0.7127312626411965,0.37565674255691767,1691,2655,Sample description
depression_bipolar_schizophrenia:I do not have this condition,449.11116852257584,659.287998893532,0.6812063457492157,0.34985661614092584,1687,2795,Health
age_cat:child,448.8891760270968,558.5943934014331,0.8036048720319025,0.34417344173441733,1330,1874,Anthropometrics
bowel_movement_quality:I tend to have normal formed stool - Type 3 and 4,448.78635179268156,612.066674679584,0.7332311500664866,0.3207112281857096,1588,2438,Bowel habit
alcohol_types_sour_beers,447.5099657295104,593.6100627225721,0.7538786719298883,0.4758842443729904,1533,2584,Life style
skin_condition:I do not have this condition,447.5005645409508,669.2595686629514,0.6686502300370073,0.3156420462922011,1758,2783,Health
deodorant_use:I do not use deodorant or an antiperspirant,447.35026339197367,686.5436629755343,0.6515976878340445,0.3883566691230656,1792,3177,Life style
dog,444.9204458129924,627.3972083700874,0.7091527343082215,0.3018143754361479,1643,2351,Life style
whole_eggs:Occasionally (1-2 times/week),444.6323097316788,665.8797595600869,0.6677366346522154,0.36371134020618556,1681,2887,Dietary habit
bowel_movement_quality:I tend to be constipated (have difficulty passing stool) - Type 1 and 2,444.0807521513474,623.6936634917154,0.712017418399259,0.410958904109589,1633,2500,Bowel habit
mental_illness_type_unspecified,442.09867734500796,579.6253163812769,0.7627318283906632,0.25815217391304346,1384,1950,Health
fermented_plant_frequency:Never,440.48638483187574,587.7879642573544,0.7493967410312866,0.3154456369575362,1496,2382,Dietary habit
fruit_frequency:Occasionally (1-2 times/week),435.5012061449745,600.4220536454317,0.7253251333805134,0.3419257012888552,1563,2418,Dietary habit
census_region:Northeast,435.351097831225,660.6503339473095,0.6589735529687125,0.35138987883107625,1701,2422,Sample description
tonsils_removed,432.28332251772156,629.7833498059507,0.6864000495581806,0.34801958166444147,1730,2612,Health
exercise_frequency:Rarely (a few times/month),431.75174430773166,633.4747438944357,0.6815611016367216,0.38491674828599415,1683,2616,Life style
high_fat_red_meat_frequency:Never,431.40495759559064,577.9586984515136,0.7464286959456192,0.3022312373225152,1375,2198,Dietary habit
whole_grain_frequency:Occasionally (1-2 times/week),431.39300753361914,638.0379213657006,0.6761244012115073,0.35290148448043185,1640,2682,Dietary habit
contraceptive:Not provided,431.1292100642595,601.1540835866841,0.7171692280488223,0.330518018018018,1564,2329,Health (medication)
sex:Not provided,428.4689325464091,586.0844762175345,0.7310702636446833,0.358695652173913,1528,2187,Anthropometrics
exercise_frequency:Daily,428.4283893604468,621.3461581588863,0.689516437391236,0.3519607843137255,1562,2585,Life style
pregnant:Not provided,427.3595949474015,616.3002099465343,0.6934276316155662,0.3026955368979231,1626,2268,Anthropometrics
alcohol_types_beercider,426.626864702579,603.8178770406744,0.7065489130488937,0.2965468138127447,1471,2281,Life style
bowel_movement_frequency:Two,425.95473530239695,608.7802084596809,0.6996855833735726,0.3065735892961024,1467,2190,Bowel habit
migraine:I do not have this condition,424.444355760197,626.6305221508763,0.6773438904688429,0.2608243401378234,1500,2313,Health
sugary_sweets_frequency:Never,423.97821534432325,615.3715073620453,0.6889792755628537,0.4002333722287048,1537,2694,Dietary habit
meat_eggs_frequency:Regularly (3-5 times/week),419.2357699930618,616.0819703659105,0.6804869971183615,0.2791916167664671,1449,2095,Dietary habit
diet_type:Not provided,418.29468547973545,568.1948680144293,0.7361817380390575,0.4066390041493776,1529,2461,Dietary habit
ready_to_eat_meals_frequency:Rarely (less than once/week),417.44322188254955,582.6535101611094,0.7164519128480363,0.26166426166426165,1396,1948,Dietary habit
sleep_duration:8 or more hours,417.0872269623341,599.5122433573019,0.6957109409920011,0.3128390596745027,1527,2475,Life style
consume_animal_products_abx:Not sure,416.61853645338135,625.2217688017561,0.6663532161585402,0.33513027852650495,1602,2576,Health (medication)
probiotic_frequency:Daily,416.17607971454856,628.0381074625078,0.6626605531884754,0.3610411418975651,1666,2520,Health (medication)
non_food_allergies_drug_eg_penicillin,414.7299925034539,587.4538784157419,0.7059788142379901,0.34790874524714827,1481,2296,Health
prepared_meals_frequency:Occasionally (1-2 times/week),412.80802782035994,562.0605317899449,0.7344547508178993,0.2860813704496788,1368,2138,Dietary habit
livingwith:false,412.5413691374844,555.4494260881713,0.7427163478102111,0.22046165884194052,1400,1788,Anthropometrics
age_cat:20s,412.2550293051232,638.1022076995656,0.6460642579365955,0.3719806763285024,1700,2378,Anthropometrics
acid_reflux:I do not have this condition,410.86306690756544,587.4425964759387,0.6994097284948831,0.3164852255054432,1516,2412,Health
sleep_duration:7-8 hours,410.6352142856667,645.8756230038517,0.6357806358689865,0.3671484888304862,1692,2963,Life style
level_of_education:Some graduate school or professional,410.3916603791863,589.2278979551367,0.6964905460237275,0.47291666666666665,1703,3119,Anthropometrics
high_fat_red_meat_frequency:Regularly (3-5 times/week),409.50224973239364,531.2780229687294,0.7707871058624547,0.353518821603928,1309,1975,Dietary habit
sugary_sweets_frequency:Occasionally (1-2 times/week),407.9786634430491,604.8903995778742,0.6744670831736775,0.30658198614318705,1475,2277,Dietary habit
drinking_water_source:City,407.92608140569774,619.2073662561081,0.6587875139020503,0.28902662993572087,1471,2373,Dietary habit
nail_biter,404.3533254907221,550.4262015552647,0.7346185998199136,0.29786066922654963,1379,2163,Life style
collection_season:Winter,400.2630761872729,561.4807889837317,0.7128704740045345,0.31362467866323906,1413,2356,Sample description
cosmetics_frequency:Rarely (a few times/month),399.9069959607284,569.6758590705804,0.7019904206809326,0.4307692307692308,1608,2803,Life style
consume_animal_products_abx:true,399.48728673842913,553.3836272162347,0.7218993607527341,0.28354237932345117,1381,2147,Health (medication)
cosmetics_frequency:Regularly (3-5 times/week),397.087724115622,588.7968173341958,0.6744053507514776,0.37969094922737306,1475,2329,Life style
poultry_frequency:Regularly (3-5 times/week),396.60716228886656,545.1714690922324,0.7274906791238709,0.25848064978499763,1319,1903,Dietary habit
collection_month:July,396.0447919556208,581.0956052474263,0.6815484205683982,0.446135831381733,1678,2874,Sample description
lung_disease:I do not have this condition,393.39336421114444,657.7161688118508,0.5981202574384031,0.3411503332510491,1739,3080,Health
skin_condition:Not provided,393.1382703827842,550.5649017601678,0.714063444883451,0.32419547079856975,1394,2088,Health
bmi_cat:Not provided,388.90613773720327,560.8081220021523,0.6934745102277793,0.3633217993079585,1533,2401,Anthropometrics
deodorant_use:I use an antiperspirant,386.67175540590523,602.2414458240219,0.6420543755118653,0.3199017199017199,1528,2292,Life style
alcohol_frequency:Daily,386.3549361876611,547.0350101933825,0.7062709497351561,0.3118393234672304,1366,1973,Life style
fungal_overgrowth:Diagnosed by an alternative medicine practitioner,384.89246393617236,573.6692401827938,0.6709309772536005,0.4547563805104408,1629,2935,Health
smoking_frequency:Never,384.5752781229302,660.740877084501,0.5820364555313376,0.2714579995422293,1464,2461,Life style
exercise_location:Depends on the season,384.2141348589515,583.0348262984378,0.6589900251726712,0.3340184994861254,1434,2083,Life style
pool_frequency:Never,382.26762979593957,657.5017946725532,0.5813940477323187,0.3738339021615472,1768,3106,Life style
poultry_frequency:Never,380.90077637968835,495.2313527672318,0.7691370391864487,0.27645502645502645,1089,1651,Dietary habit
red_meat_frequency:Rarely (less than once/week),380.46386394874605,551.18641851086,0.690263495564069,0.355800388852884,1528,2693,Dietary habit
"ibd:Diagnosed by a medical professional (doctor, physician assistant)",379.3535245157158,531.6041298573427,0.7136015377034716,0.403921568627451,1469,2245,Health
age_cat:70+,378.92875879568925,569.4976194010542,0.6653737362312631,0.3973509933774834,1473,2428,Anthropometrics
last_move:Within the past 6 months,378.79495014124814,509.7005894328817,0.7431714971385737,0.4171779141104294,1372,2038,Anthropometrics
collection_month:March,378.44594842257743,558.3112748437557,0.6778404189105551,0.34445534838076547,1505,2340,Sample description
types_of_plants:More than 30,377.7310019128365,596.2172333135416,0.6335459305890166,0.4011379800853485,1436,2575,Dietary habit
cat,377.60727970818004,614.0448987491015,0.6149506012954766,0.36907134316460743,1741,2892,Life style
ready_to_eat_meals_frequency:Occasionally (1-2 times/week),376.0187617661409,504.4312982414493,0.7454310687640106,0.3095512082853855,1222,1904,Dietary habit
poultry_frequency:Rarely (less than once/week),374.303023880575,546.3745284507404,0.6850667525477829,0.3544600938967136,1400,2343,Dietary habit
flu_vaccine_date:Year,373.9174036553401,541.8981811619523,0.690014133012177,0.2835820895522388,1343,1928,Health (medication)
meat_eggs_frequency:Daily,373.48307670577515,603.4199372501166,0.6189438791296797,0.3418297678652708,1454,2533,Dietary habit
cancer:I do not have this condition,372.93549119162566,535.8696308541495,0.6959444419292526,0.2635814889336016,1228,2005,Health
salted_snacks_frequency:Regularly (3-5 times/week),372.4998372078777,525.8934356455129,0.7083180963281073,0.26601941747572816,1245,1701,Dietary habit
prepared_meals_frequency:Regularly (3-5 times/week),372.06026760443604,560.0369524790389,0.6643494968635334,0.35526315789473684,1533,2270,Dietary habit
bmi_cat:Obese,372.0507604007673,502.74042932659154,0.740045436367869,0.30734966592427615,1348,1938,Anthropometrics
milk_substitute_frequency:Never,370.99700385587596,521.147558847701,0.7118847580830658,0.25080076873798846,1285,1949,Dietary habit
red_meat_frequency:Regularly (3-5 times/week),368.67640483776853,565.1528133726904,0.6523481722361074,0.34119278779472956,1512,2430,Dietary habit
antibiotic_history:Month,368.6440269831145,515.6016545938788,0.7149783630416825,0.436241610738255,1378,2120,Health (medication)
economic_region:Rocky Mountain,367.85645567232007,543.9200782033432,0.67630607953913,0.43669724770642204,1606,2841,Anthropometrics
vegetable_frequency:Occasionally (1-2 times/week),365.5591954357157,493.37918224071393,0.7409295093795905,0.2721518987341772,1193,1561,Dietary habit
collection_month:May,363.3555178137343,587.6967240655488,0.6182704495953724,0.3787375415282392,1570,2660,Sample description
pool_frequency:Regularly (3-5 times/week),362.7362594532251,597.0794298618889,0.6075175953342254,0.5082508250825083,1671,3041,Life style
economic_region:New England,361.5956194783631,553.0145149524014,0.6538628005261056,0.3774104683195592,1465,2238,Anthropometrics
"bowel_movement_quality:I tend to have diarrhea (watery stool) - Type 5, 6 and 7",361.58984306386446,514.101979563176,0.7033426390832057,0.3065326633165829,1333,2027,Bowel habit
collection_month:October,361.17918786855705,600.6589099006028,0.6013049701174417,0.4214876033057851,1485,2774,Sample description
pku:I do not have this condition,360.16972843863323,593.4003070574993,0.6069591204369457,0.29414350071420725,1619,2705,Health
cosmetics_frequency:Daily,359.318017341505,627.1981235882737,0.5728939609796737,0.40891364902506966,1698,2955,Life style
fed_as_infant:Primarily infant formula,357.3711425310816,530.0826344650966,0.6741800604196416,0.283987915407855,1313,1982,Dietary habit
meat_eggs_frequency:Never,357.18989199102487,531.4102860674554,0.6721546446424719,0.3807829181494662,1476,2323,Dietary habit
seafood_frequency:Never,355.68512987052736,532.6097070386811,0.6678157103972863,0.2944038929440389,1305,2004,Dietary habit
fermented_plant_frequency:Regularly (3-5 times/week),355.3690171728853,525.7508026083735,0.6759267230973609,0.3691588785046729,1421,2433,Dietary habit
vitamin_d_supplement_frequency:Daily,354.63384197145456,561.1932602459627,0.6319281913970666,0.27609635577516983,1288,2023,Dietary habit
country:Canada,352.6587088109648,514.1338255346982,0.6859278485406021,0.5367647058823529,1482,2610,Anthropometrics
vitamin_b_supplement_frequency:Daily,351.19946943950936,521.5442250946687,0.6733838714746788,0.3295880149812734,1348,2102,Dietary habit
flossing_frequency:Regularly (3-5 times/week),351.13638640702055,546.215118259387,0.6428536572293714,0.34210526315789475,1534,2497,Life style
economic_region:Southwest,350.92849819922867,500.35894179320036,0.7013535062280716,0.34140969162995594,1266,1840,Anthropometrics
last_travel:3 months,349.0547422568284,579.9711897705429,0.6018484166341552,0.4043583535108959,1522,2813,Anthropometrics
bmi_cat:Overweight,348.8943429225005,528.8824725356008,0.6596821809008151,0.31920077972709554,1436,2279,Anthropometrics
homecooked_meals_frequency:Occasionally (1-2 times/week),348.01194043849836,512.917672504384,0.6784947353037906,0.3706467661691542,1420,2003,Dietary habit
ibd:Not provided,347.77267115000774,511.68228890215613,0.6796652506698523,0.3069139966273187,1259,1892,Health
bowel_movement_frequency:Three,347.7348132090026,472.66755228657706,0.7356858145366659,0.2784090909090909,1260,1710,Bowel habit
drinking_water_source:Bottled,346.6028042685906,511.86144769059126,0.6771418434273335,0.28438228438228436,1231,1779,Dietary habit
collection_season:Summer,345.8333142143702,561.8744093382093,0.615499315268161,0.33095338093238136,1532,2584,Sample description
acne_medication,344.75766678587286,502.44118429873834,0.686165222038982,0.48,1409,2357,Health (medication)
lactose,344.07866119983095,507.2690305534945,0.678296210640728,0.29118773946360155,1422,2015,Health
weight_kg,343.9831663415799,545.139126619028,0.6310006923828335,0.2910601591983002,1550,2652,Anthropometrics
high_fat_red_meat_frequency:Daily,343.627137519852,453.25138944960077,0.7581380785994515,0.49333333333333335,1246,2148,Dietary habit
flossing_frequency:Occasionally (1-2 times/week),343.53847056071413,535.2409609617827,0.6418389017600682,0.3210947930574099,1429,2289,Life style
country:Australia,342.96699144342995,477.0667005805511,0.7189078404048473,0.42142857142857143,1340,2300,Anthropometrics
chickenpox:Not sure,342.59303949638553,495.38746668746336,0.6915658197556402,0.4004739336492891,1334,2158,Health (medication)
age_cat:Not provided,342.4432509586781,488.7472099213366,0.7006551526172272,0.28623853211009176,1283,1780,Anthropometrics
red_meat_frequency:Never,341.9628754220292,509.33985371286417,0.6713844850923598,0.2722722722722723,1227,1862,Dietary habit
frozen_dessert_frequency:Occasionally (1-2 times/week),341.3201394867035,499.3681140166792,0.6835040722590133,0.27589967284623773,1245,1793,Dietary habit
teethbrushing_frequency:Regularly (3-5 times/week),340.64964627699976,523.3371458692463,0.6509181489710453,0.3659217877094972,1490,2301,Life style
fruit_frequency:Never,340.6229114961256,509.4039397541915,0.6686695663572807,0.3726027397260274,1323,2153,Dietary habit
vivid_dreams:Never,338.5955145508836,518.463840046175,0.6530745027864003,0.3142655367231638,1347,2064,Life style
flu_vaccine_date:6 months,336.73593012861954,531.8485773052694,0.6331424854697704,0.28469945355191256,1397,2094,Health (medication)
weight_change:Not provided,336.40090933085986,511.39370090357244,0.6578119924756193,0.35668789808917195,1484,2390,Anthropometrics
migraine:Not provided,335.4681049459007,499.7838095886791,0.6712264353300883,0.30974842767295596,1338,2016,Health
pool_frequency:Occasionally (1-2 times/week),334.98277432438897,534.8406492704235,0.626322578101233,0.400726392251816,1593,2875,Life style
dominant_hand:Not provided,334.8063023562943,486.7760010464475,0.6878036337792822,0.29431438127090304,1237,1720,Anthropometrics
drinks_per_session:1-2,333.2080258111089,469.5532127419933,0.7096278265573227,0.376,1391,2183,Life style
csection,333.04571096498296,492.31512571979636,0.6764888860118785,0.27911857292759706,1167,1762,Anthropometrics
cosmetics_frequency:Not provided,332.2758455860821,488.8262712464299,0.6797422011276748,0.375968992248062,1347,2298,Life style
flu_vaccine_date:Not provided,331.6076236191062,475.27779310622725,0.697713270910156,0.4028776978417266,1400,2196,Health (medication)
race:Other,331.60053179384596,433.56242882537634,0.7648276459107184,0.36363636363636365,1219,1794,Anthropometrics
migraine:Self-diagnosed,331.39543205266204,497.40537458011386,0.6662481931008696,0.3888888888888889,1352,2183,Health
alcohol_frequency:Not provided,331.36901515860103,451.2606896020603,0.7343183724928831,0.386046511627907,1230,2066,Life style
country:New Zealand,331.2858866863521,367.7321435713605,0.900889118555023,0.9090909090909091,1058,2044,Anthropometrics
exercise_location:Not provided,331.28559245487065,478.9483970755384,0.6916937074593053,0.29156626506024097,1360,2118,Life style
"migraine:Diagnosed by a medical professional (doctor, physician assistant)",330.44292729793506,497.92570735682466,0.6636390176599826,0.34776902887139105,1374,2307,Health
sugar_sweetened_drink_frequency:Rarely (less than once/week),329.91180687668685,491.73577428404883,0.6709127627678251,0.26609105180533754,1308,1878,Dietary habit
allergic_to_tree_nuts,329.17682273362686,468.98496819135687,0.7018920542445083,0.39473684210526316,1325,2079,Health
milk_cheese_frequency:Regularly (3-5 times/week),328.9042715421827,528.9817822842665,0.6217686176675074,0.3216374269005848,1340,2328,Dietary habit
antibiotic_history:Year,328.75473467394266,507.02984409055784,0.6483932622617488,0.25753228120516497,1231,1771,Health (medication)
diet_type:Vegetarian but eat seafood,328.32621308796877,456.0804035075292,0.7198866922651033,0.34065934065934067,1282,1869,Dietary habit
economic_region:Mideast,328.3074668532782,559.8511048689583,0.5864192532586384,0.3089700996677741,1385,2077,Anthropometrics
milk_substitute_frequency:Regularly (3-5 times/week),328.18908323514387,532.4736836170695,0.6163479873892929,0.3853868194842407,1525,2567,Dietary habit
red_meat_frequency:Daily,326.8528882784198,468.51062132526954,0.6976424298639283,0.48507462686567165,1342,2155,Dietary habit
whole_eggs:Never,326.40992247433337,449.2713558024328,0.7265317903282315,0.2830820770519263,1183,1774,Dietary habit
drinking_water_source:Well,326.3583996485616,553.6503355745245,0.5894666338635893,0.3853868194842407,1489,2514,Dietary habit
olive_oil:Regularly (3-5 times/week),325.293855911858,521.8089207520579,0.6233965020050398,0.32685146876292925,1411,2449,Dietary habit
frozen_dessert_frequency:Regularly (3-5 times/week),324.78643151093445,450.87999220222184,0.720338975177382,0.33858267716535434,1262,1863,Dietary habit
types_of_plants:6 to 10,324.11979389118017,496.83446828536165,0.6523697822531485,0.2703238598810311,1296,1830,Dietary habit
exercise_frequency:Occasionally (1-2 times/week),323.8251430011902,537.1512559766854,0.6028565313738102,0.2882273342354533,1446,2176,Life style
whole_grain_frequency:Rarely (less than once/week),323.48823817065784,537.7931379853258,0.6015105350404909,0.4077669902912621,1609,2959,Dietary habit
vitamin_b_supplement_frequency:Occasionally (1-2 times/week),322.7097156328016,495.2206867490363,0.6516482939177815,0.3752969121140142,1358,2151,Dietary habit
collection_month:April,322.4874654991449,502.1873157606921,0.6421656927169785,0.312807881773399,1305,1980,Sample description
economic_region:Great Lakes,321.06238816465844,509.13737475108474,0.6306007063842536,0.3106060606060606,1378,1874,Anthropometrics
exercise_frequency:Not provided,320.5030720222882,458.8552408132173,0.6984840610173023,0.30472103004291845,1250,1964,Life style
add_adhd:Self-diagnosed,320.2621533446011,450.698351705057,0.710590913263834,0.38967136150234744,1241,2011,Health
fermented_plant_frequency:Occasionally (1-2 times/week),319.3288653155577,516.2013122577915,0.6186130444319454,0.3576965669988926,1461,2361,Dietary habit
probiotic_frequency:Rarely (a few times/month),319.1181158891604,539.1847709011275,0.5918529845637616,0.3371647509578544,1363,2431,Health (medication)
economic_region:Plains,318.5264384985603,444.6259976123303,0.7163918444019635,0.35,1101,1743,Anthropometrics
milk_cheese_frequency:Never,316.93692795152253,538.580823740476,0.5884667889777,0.34647302904564314,1456,2356,Dietary habit
last_travel:1 year,315.35267841324765,518.1042297129939,0.6086664812366783,0.3469119579500657,1378,2416,Anthropometrics
allergic_to_peanuts,315.23972152731665,463.03123839678614,0.6808173949965288,0.41025641025641024,1273,1987,Health
whole_eggs:Rarely (less than once/week),312.7157985828088,486.07918036918716,0.6433433300831661,0.3285586392121755,1378,2186,Dietary habit
probiotic_frequency:Regularly (3-5 times/week),312.60756507189444,490.5958632825634,0.6371997574138637,0.375,1248,2272,Health (medication)
fed_as_infant:Not sure,312.40652499901523,483.98892356145245,0.6454827988627486,0.3416075650118203,1346,2306,Dietary habit
sugar_sweetened_drink_frequency:Daily,312.3019792352513,405.25854348466214,0.7706240479223135,0.3972602739726027,1206,1815,Dietary habit
salted_snacks_frequency:Occasionally (1-2 times/week),311.9833194284173,481.34956459704915,0.6481429347289158,0.24434638720353005,1158,1867,Dietary habit
age_cat:teen,311.9322438784463,450.289084265314,0.6927377428821998,0.3436123348017621,1200,1593,Anthropometrics
"deodorant_use:Not sure, but I use some form of deodorant/antiperspirant",311.7726983061141,516.8460643811716,0.6032215775492162,0.314214463840399,1374,2188,Life style
smoking_frequency:Not provided,311.62896060577395,439.3189696071796,0.7093455602074715,0.3961352657004831,1317,2273,Life style
specialized_diet_exclude_refined_sugars,309.91317154879266,411.40429062424056,0.75330563781566,0.4251968503937008,1140,1817,Dietary habit
level_of_education:Associate's degree,309.41423109621223,502.9728713528088,0.6151708148075735,0.48466257668711654,1523,2318,Anthropometrics
pets_other,309.0972597524574,485.13952553342074,0.6371306469259512,0.3665768194070081,1252,2012,Life style
"sibo:Diagnosed by a medical professional (doctor, physician assistant)",308.81806705848044,403.4554014501023,0.7654329721414668,0.3425414364640884,1093,1516,Health
collection_month:September,308.74680676991966,490.59537830771444,0.6293308506796929,0.3727735368956743,1353,2273,Sample description
drinks_per_session:I don't drink,307.9295723360341,434.50811869447847,0.7086854286203861,0.375,1155,1686,Life style
skin_condition:Self-diagnosed,307.1902578255432,410.5822453442772,0.7481820300533482,0.4072164948453608,1155,1890,Health
census_region:Midwest,307.00538059651365,498.81417549859054,0.61547044105081,0.282994923857868,1302,1755,Sample description
"clinical_condition:Diagnosed by a medical professional (doctor, physician assistant)",306.907121248683,520.643636414957,0.5894763707513668,0.3569384835479256,1489,2528,Health
vivid_dreams:Regularly (3-5 times/week),305.73493454014243,489.5816238489534,0.6244820468067002,0.4748201438848921,1453,2645,Life style
fungal_overgrowth:Self-diagnosed,304.4939813052823,470.85065315287443,0.6466890918943253,0.453416149068323,1401,2432,Health
types_of_plants:21 to 30,304.3172526941562,487.75713043747385,0.6239114380987342,0.3397590361445783,1229,2173,Dietary habit
clinical_condition:Diagnosed by an alternative medicine practitioner,303.73040658748914,405.0654968863292,0.7498303581080443,0.5192307692307693,1184,1967,Health
diet_type:Omnivore but do not eat red meat,303.36782715622877,486.72703807228845,0.6232812303950387,0.3804878048780488,1315,2453,Dietary habit
pool_frequency:Not provided,302.18369507816647,437.5606292562354,0.690609883233365,0.34497816593886466,1207,1923,Life style
alcohol_frequency:Rarely (a few times/month),301.52726394399974,505.0998738253927,0.5969656291148357,0.2839293408013787,1332,2208,Life style
alcohol_frequency:Occasionally (1-2 times/week),301.2233909211696,553.0960035066134,0.5446132118319814,0.33804188991719436,1376,2440,Life style
bmi,300.23763267589993,476.28518114596517,0.6303736596496949,0.1924606655846731,1170,1744,Anthropometrics
sugar_sweetened_drink_frequency:Regularly (3-5 times/week),299.74354807373595,403.75773474429786,0.7423846586210052,0.3533834586466165,1040,1545,Dietary habit
"contraceptive:""Yes, I am taking the """"pill""""""",298.95549726089445,440.5600442050578,0.6785805957513165,0.3695652173913043,1175,1752,Health (medication)
vivid_dreams:Rarely (a few times/month),298.1893448678765,482.0598217770639,0.618573320980438,0.3081039755351682,1290,2054,Life style
deodorant_use:I use deodorant,297.9489577838285,507.5819285343522,0.5869967802915267,0.28191167574107684,1394,2211,Life style
antibiotic_history:Not provided,297.3962579136968,409.2721510625548,0.7266466998587489,0.30120481927710846,1147,1615,Health (medication)
sugar_sweetened_drink_frequency:Occasionally (1-2 times/week),296.2650994165439,420.2847852561069,0.7049151190091506,0.34049079754601225,1131,1681,Dietary habit
diet_type:Vegan,295.9411954843224,461.5350381978019,0.6412106795616451,0.465,1371,2481,Dietary habit
non_food_allergies_pet_dander,295.70554097634806,512.7166449033024,0.5767426197605067,0.3690176322418136,1351,2536,Health
pool_frequency:Rarely (a few times/month),294.44423917682514,457.4356367690558,0.6436845219505282,0.23160467010589195,1202,1798,Life style
sleep_duration:6-7 hours,293.24917651667886,504.64922648801536,0.5810950678701636,0.2526614620298084,1334,1954,Life style
level_of_education:Some college or technical school,293.1253795551321,470.36229152631387,0.6231906443944466,0.30577223088923555,1293,1875,Anthropometrics
consume_animal_products_abx:false,292.8914283548997,524.5166812535122,0.5584025042920187,0.3509895227008149,1472,2726,Health (medication)
antibiotic_history:Week,292.7652185000785,394.75053352387204,0.741646162923739,0.32989690721649484,1075,1537,Health (medication)
poultry_frequency:Daily,291.51305480968324,461.4898566450979,0.6316781411598112,0.40425531914893614,1186,1846,Dietary habit
age_cat:40s,291.39654241545634,504.92899471210603,0.5771039997051488,0.3403141361256545,1456,2434,Anthropometrics
one_liter_of_water_a_day_frequency:Rarely (less than once/week),291.1638291664259,487.5707848430417,0.5971724275074379,0.4117647058823529,1409,2470,Dietary habit
vitamin_d_supplement_frequency:Occasionally (1-2 times/week),289.3648078563119,498.46368359875106,0.5805133199818872,0.3333333333333333,1241,2134,Dietary habit
vitamin_b_supplement_frequency:Rarely (a few times/month),288.7538756390614,484.51559838547985,0.5959640445039486,0.37812911725955206,1357,2521,Dietary habit
olive_oil:Rarely (less than once/week),288.38915156334167,475.34130536729924,0.6066991197840498,0.29914529914529914,1240,1942,Dietary habit
"thyroid:Diagnosed by a medical professional (doctor, physician assistant)",287.73888970466317,496.1991737195464,0.5798858703204819,0.35704125177809387,1349,2371,Health
"fungal_overgrowth:Diagnosed by a medical professional (doctor, physician assistant)",287.1900997280171,380.5585362284309,0.7546542053011018,0.3704918032786885,1088,1821,Health
bowel_movement_quality:I tend to have diarrhea (watery stool),286.34882934271326,477.36683685604726,0.5998506960152814,0.4124293785310734,1403,2496,Bowel habit
bmi_cat:Underweight,286.1992393622262,485.94789515972764,0.5889504661156203,0.26422250316055623,1224,1833,Anthropometrics
flossing_frequency:Rarely (a few times/month),285.43943189238746,493.1186090802213,0.5788453865588182,0.2689738919247116,1293,1966,Life style
last_travel:6 months,285.28124705349774,517.7460843715103,0.5510060928800637,0.401541095890411,1525,2802,Anthropometrics
flossing_frequency:Not provided,284.3627462441246,406.4203651176134,0.6996764204023912,0.30131004366812225,1135,1756,Life style
seafood_frequency:Rarely (less than once/week),284.29727747199456,493.46495361285355,0.5761245563449662,0.26224641266699655,1319,2015,Dietary habit
"acid_reflux:Diagnosed by a medical professional (doctor, physician assistant)",283.6400977693247,407.19346589162257,0.6965733036708834,0.3112033195020747,1232,1717,Health
collection_season:Fall,283.61589814377163,491.37708696097354,0.5771858429497694,0.3028600612870276,1326,2284,Sample description
specialized_diet_unspecified,282.8369094982073,388.2617698486632,0.7284696343099955,0.31788079470198677,944,1292,Dietary habit
"lung_disease:Diagnosed by a medical professional (doctor, physician assistant)",282.4403548430821,394.9715386663422,0.7150903981506312,0.23153942428035043,1039,1473,Health
ready_to_eat_meals_frequency:Regularly (3-5 times/week),281.976714798287,445.96709614239234,0.632281433400313,0.3832599118942731,1259,1828,Dietary habit
autoimmune:Diagnosed by an alternative medicine practitioner,281.14810586634565,369.22811399774963,0.7614482624908112,0.6875,1119,1992,Health
fermented_plant_frequency:Rarely (less than once/week),280.60443277064076,475.831161256837,0.5897142844311962,0.25100133511348466,1220,1907,Dietary habit
sugary_sweets_frequency:Daily,280.417755328177,512.6847781080209,0.5469593935732064,0.333716915995397,1413,2215,Dietary habit
whole_eggs:Daily,279.69141365670845,467.93576326183813,0.5977132666822995,0.3333333333333333,1172,1954,Dietary habit
smoking_frequency:Rarely (a few times/month),278.9650970933974,474.40959712039466,0.5880258299719898,0.40064102564102566,1218,2160,Life style
deodorant_use:Not provided,278.746893910126,423.9935875013497,0.6574318624789076,0.35294117647058826,1253,2096,Life style
appendix_removed,278.6092745562089,560.1608268677473,0.497373720533278,0.4211076280041797,1642,3096,Health
country_residence:Canada,276.1025749303108,373.9975692277234,0.7382469771138933,0.5476190476190477,1075,1727,Anthropometrics
olive_oil:Never,275.7505876800505,394.08831378729326,0.6997177486183597,0.22632794457274827,988,1271,Dietary habit
artificial_sweeteners:Occasionally (1-2 times/week),274.55005482035585,403.17980647768263,0.6809618200348859,0.3987730061349693,1098,1699,Dietary habit
non_food_allergies_beestings,274.28376273829326,428.40134202816716,0.6402495413290727,0.3854166666666667,1237,1975,Health
artificial_sweeteners:Daily,273.1729784719299,403.4910737801656,0.677023597852286,0.39655172413793105,1075,1516,Dietary habit
homecooked_meals_frequency:Rarely (less than once/week),273.0174205961727,404.26983386910615,0.6753346347493487,0.3791208791208791,1199,1868,Dietary habit
milk_cheese_frequency:Occasionally (1-2 times/week),271.88157337340516,459.8716693140469,0.5912118347689231,0.2888368462138954,1245,2032,Dietary habit
country_residence:Australia,271.528308961203,359.3263043288498,0.7556594262375641,0.3611111111111111,1117,1813,Anthropometrics
"skin_condition:Diagnosed by a medical professional (doctor, physician assistant)",271.2489116288281,464.4373825579704,0.5840376373987751,0.25075528700906347,1088,1699,Health
"diabetes:Diagnosed by a medical professional (doctor, physician assistant)",270.8073922112317,406.3563146639864,0.666428408858764,0.3870967741935484,1143,1897,Health
allergic_to_shellfish,270.68525033210153,443.83765646484113,0.6098744583506155,0.4431818181818182,1320,2107,Health
country_residence:Germany,270.1035921724309,365.48050143647134,0.7390369420826159,0.5454545454545454,1089,1912,Anthropometrics
country:Germany,269.4816606048025,416.80715952579413,0.6465379839237758,0.6346153846153846,1171,2102,Anthropometrics
diet_type:Vegetarian,268.430250637054,427.6402828867814,0.6277010407556048,0.36243386243386244,1158,1761,Dietary habit
sugary_sweets_frequency:Regularly (3-5 times/week),267.18467188415457,435.6721347806563,0.6132700500082969,0.2862116991643454,1203,1986,Dietary habit
"bowel_movement_quality:I don't know, I do not have a point of reference",266.39279849176927,418.8542210882929,0.6360036143353434,0.391812865497076,1134,2011,Bowel habit
"contraceptive:Yes, I use a hormonal IUD (Mirena)",265.64528959812094,409.20553273646885,0.6491732597594136,0.44516129032258067,1105,1937,Health (medication)
drinking_water_source:Not provided,265.37082779209044,413.1554218289251,0.6423026632867771,0.3826530612244898,1186,1962,Dietary habit
collection_month:December,264.5667417434704,414.2905565445897,0.6386019125082213,0.31560283687943264,1078,1644,Sample description
"depression_bipolar_schizophrenia:Diagnosed by a medical professional (doctor, physician assistant)",263.69261207187014,481.02522711683054,0.5481887377350065,0.38902147971360385,1439,2470,Health
sleep_duration:5-6 hours,263.0554000423399,454.1666214671594,0.5792046081954557,0.3120728929384966,1282,2060,Life style
last_travel:Not provided,261.6905601173056,406.8584588084773,0.6431980322682505,0.3558823529411765,1187,1961,Anthropometrics
cancer_treatment:Surgery only,260.302022054733,386.0540315141592,0.6742631880666838,0.4605263157894737,1097,1600,Health (medication)
probiotic_frequency:Occasionally (1-2 times/week),260.1658903740169,473.61071637680925,0.5493243319414808,0.34408602150537637,1363,2214,Health (medication)
prepared_meals_frequency:Never,259.3109728241584,438.87657151715405,0.5908517101465347,0.35992217898832685,1184,2074,Dietary habit
exercise_frequency:Never,258.98379328551437,383.7949169433356,0.6747973510127321,0.3176895306859206,1069,1735,Life style
exercise_location:None of the above,258.095262500705,408.48658608332585,0.6318328956046968,0.33076923076923076,1087,1678,Life style
collection_month:June,257.9573466252469,482.1426199906366,0.5350229080147624,0.3219895287958115,1286,2215,Sample description
roommates:Three,257.7520560194248,375.22611113994344,0.6869246258912248,0.36419753086419754,1106,1756,Anthropometrics
"cancer:Diagnosed by a medical professional (doctor, physician assistant)",257.3276027606435,381.26636872846734,0.6749286689482666,0.3469387755102041,1078,1479,Health
types_of_plants:11 to 20,256.67681302404685,524.1175781577148,0.4897313574680546,0.3374175306314797,1411,2477,Dietary habit
alcohol_types_spiritshard_alcohol,256.5945066004178,415.6467907709965,0.6173378750848826,0.2319679430097952,1143,1789,Life style
pregnant:Not sure,256.51495610593304,341.7920153669462,0.7505001421128573,0.45454545454545453,1122,2163,Anthropometrics
drinks_per_session:1,255.82086402810074,420.0465887120189,0.6090297383738302,0.40119760479041916,1138,1970,Life style
thyroid:Diagnosed by an alternative medicine practitioner,255.52942444451693,336.71870247023423,0.7588809964219484,0.45098039215686275,876,1444,Health
country:France,255.34932891296955,388.26527284039,0.6576671847186802,0.43902439024390244,1201,2222,Anthropometrics
dominant_hand:I am right handed,254.0715281861593,508.8331657806876,0.4993218706495771,0.30179122915379863,1487,2687,Anthropometrics
prepared_meals_frequency:Daily,252.90457593021762,370.0148029024456,0.6834985355893881,0.29878048780487804,1015,1542,Dietary habit
race:Hispanic,252.29773970942927,400.2138011438582,0.6304073947183546,0.38190954773869346,1150,1709,Anthropometrics
olive_oil:Occasionally (1-2 times/week),251.78815940652177,486.0220089642615,0.5180591717298886,0.2826938136256852,1259,1989,Dietary habit
smoking_frequency:Regularly (3-5 times/week),250.70453526577018,314.22364620785436,0.7978538161954011,0.44,902,1289,Life style
collection_month:January,250.67212018428103,458.5058572488313,0.546715197246087,0.3454724409448819,1301,2249,Sample description
mental_illness_type_anorexia_nervosa,250.64403200206095,376.0997541571724,0.6664296618958081,0.6,1119,2211,Health
ibs:Diagnosed by an alternative medicine practitioner,249.79601093709954,394.0772352451951,0.6338757700166981,0.4626865671641791,1209,2166,Health
country_residence:Ireland,248.9748759470211,287.8927156489181,0.8648182549038272,0.5,900,1659,Anthropometrics
chickenpox:Not provided,248.39405316364872,436.4637539547308,0.5691057983921655,0.3447098976109215,1317,2205,Health (medication)
add_adhd:Diagnosed by an alternative medicine practitioner,248.07266462309406,297.3988079764684,0.8341414221227234,0.42105263157894735,918,1576,Health
fed_as_infant:A mixture of breast milk and formula,245.3899006322919,436.8939487866009,0.5616692593564659,0.25073170731707317,1065,1804,Dietary habit
collection_month:August,244.2520637787074,387.060147187981,0.6310442073492084,0.22935779816513763,967,1424,Sample description
salted_snacks_frequency:Daily,244.1681089732549,352.7765798591354,0.692132422936783,0.25274725274725274,845,1020,Dietary habit
weight_change:Increased more than 10 pounds,242.95622609241863,403.74206560771927,0.6017609924462959,0.24563953488372092,1055,1381,Anthropometrics
bowel_movement_frequency:Five or more,242.6008866287093,398.85405672738744,0.6082447515245519,0.38961038961038963,1151,1766,Bowel habit
milk_substitute_frequency:Daily,242.46167555941102,455.2347763721103,0.532607981955276,0.33903420523138833,1277,2353,Dietary habit
pku:Not provided,241.41703594478116,426.7968725273534,0.5656485590327487,0.3168831168831169,1063,1936,Health
milk_cheese_frequency:Rarely (less than once/week),240.8204000504769,422.47379381275204,0.5700244691560983,0.2914757103574702,1262,1981,Dietary habit
vitamin_d_supplement_frequency:Regularly (3-5 times/week),239.7609189527538,460.40106049948895,0.5207653490038386,0.34609929078014184,1266,2143,Dietary habit
milk_substitute_frequency:Rarely (less than once/week),239.48863091173445,486.11100003925293,0.4926624390157721,0.28428701180744775,1183,1941,Dietary habit
race:Not provided,238.84849974100922,387.37749711060474,0.6165781479888408,0.31382978723404253,1125,1872,Anthropometrics
sibo:Diagnosed by an alternative medicine practitioner,238.32592476818775,405.9507257053499,0.5870809181436745,0.44565217391304346,1171,2288,Health
"kidney_disease:Diagnosed by a medical professional (doctor, physician assistant)",238.131836789158,348.6429121863359,0.6830250335388603,0.39805825242718446,1027,1734,Health
pool_frequency:Daily,237.91379258833686,333.93837021453936,0.7124482054442821,0.43333333333333335,871,1367,Life style
last_move:Within the past month,237.8273924969032,334.66114202282847,0.7106513503760175,0.35443037974683544,959,1575,Anthropometrics
mental_illness_type_bulimia_nervosa,236.84280196642993,327.4692030520191,0.7232521402289149,0.59375,845,1600,Health
bowel_movement_frequency:Four,236.71961650168765,376.9788747030207,0.6279386787606399,0.37209302325581395,1121,1973,Bowel habit
dominant_hand:I am left handed,236.58576238851367,454.7001237551091,0.520311629639963,0.3160322952710496,1340,2207,Anthropometrics
diabetes:Not provided,236.54718229529828,398.09232837557295,0.5942018105712706,0.27837837837837837,1081,1623,Health
ibd:Self-diagnosed,236.2045619402792,360.3549301501698,0.6554775366659927,0.43529411764705883,1069,1642,Health
level_of_education:High School or GED equilivant,235.57008729603302,391.1925770159752,0.6021844511799441,0.2803030303030303,960,1484,Anthropometrics
"cdiff:Diagnosed by a medical professional (doctor, physician assistant)",235.27155215406654,294.25594003837944,0.799547333261583,0.29292929292929293,825,1048,Health
ibs:Self-diagnosed,234.1203551144141,407.4545743808533,0.5745925308856115,0.37644341801385683,1234,2164,Health
artificial_sweeteners:Regularly (3-5 times/week),233.67464811268906,353.1622403453209,0.6616637381284101,0.3333333333333333,1016,1668,Dietary habit
drinking_water_source:Not sure,231.9509528823562,354.8425002929097,0.6536729751675435,0.4270833333333333,1157,1919,Dietary habit
last_move:Within the past 3 months,231.35202038057872,335.55627831123047,0.6894581783565925,0.4067796610169492,964,1682,Anthropometrics
breastmilk_formula_ensure:I eat both solid food and formula/breast milk,230.31859068688465,315.2432181144185,0.7306060129207596,0.25333333333333335,888,1298,Dietary habit
"add_adhd:Diagnosed by a medical professional (doctor, physician assistant)",229.70903810199246,366.6008279771194,0.6265917056693862,0.304029304029304,1049,1571,Health
drinks_per_session:4+,229.54373132514428,375.7623803113603,0.6108746999498517,0.4782608695652174,1165,2050,Life style
"gluten:I was diagnosed with gluten allergy (anti-gluten IgG), but not celiac disease",228.27361897715843,372.69514088843744,0.6124942182852067,0.3603238866396761,1088,1613,Dietary habit
"cardiovascular_disease:Diagnosed by a medical professional (doctor, physician assistant)",227.53155947928263,450.9656662258019,0.5045429763722985,0.4418604651162791,1371,2421,Health
level_of_education:Bachelor's degree,225.99205970652426,420.6677740697881,0.5372221825317015,0.2653440793552387,1102,1971,Anthropometrics
mental_illness,223.46999598750386,395.49863785321554,0.5650335414567016,0.3607305936073059,1100,1877,Health
sleep_duration:Less than 5 hours,223.13131924321382,362.7413988039692,0.6151250449464062,0.4122137404580153,1012,1700,Life style
vivid_dreams:Daily,223.06712674825133,260.0773788501757,0.8576952279911852,0.46153846153846156,727,943,Life style
specialized_diet_other_restrictions_not_described_here,221.4424787342669,358.43714305548366,0.617800032794004,0.39215686274509803,1071,1831,Dietary habit
acid_reflux:Self-diagnosed,219.7753006220252,386.91697131193473,0.5680166984581327,0.4620253164556962,1226,2303,Health
one_liter_of_water_a_day_frequency:Never,218.6998422435746,403.4703195254285,0.5420469156214877,0.2813852813852814,996,1650,Dietary habit
country:Austria,218.2944542286113,258.9601932873803,0.8429652892109162,0.7777777777777778,811,1546,Anthropometrics
homecooked_meals_frequency:Never,217.99560166416182,336.5358088744201,0.6477634650329525,0.3305785123966942,867,1283,Dietary habit
depression_bipolar_schizophrenia:Self-diagnosed,216.68950270023365,359.30882681595756,0.6030731407865599,0.40875912408759124,1070,1881,Health
teethbrushing_frequency:Not provided,216.67219346088933,357.09321360374116,0.606766483390317,0.3119266055045872,1035,1645,Life style
one_liter_of_water_a_day_frequency:Occasionally (1-2 times/week),214.71285944340212,412.7538517834937,0.5201958952427361,0.2894088669950739,1050,1816,Dietary habit
dominant_hand:I am ambidextrous,213.99505423852227,344.9386092420019,0.6203859136232202,0.3191489361702128,1046,1757,Anthropometrics
vitamin_b_supplement_frequency:Regularly (3-5 times/week),210.9667737209321,421.99738834786103,0.4999243586479922,0.2973523421588595,1195,1832,Dietary habit
"contraceptive:Yes, I use the NuvaRing",210.92557490702646,284.88360714511884,0.7403921096786086,0.4473684210526316,815,1181,Health (medication)
roommates:One,210.87034702822393,418.4206323160819,0.5039673733606161,0.27852998065764023,1125,1870,Anthropometrics
bowel_movement_quality:I tend to be constipated (have difficulty passing stool),209.87095854276666,397.2115897021862,0.5283606117840614,0.3768545994065282,1122,1950,Bowel habit
cosmetics_frequency:Occasionally (1-2 times/week),208.1129798708761,415.2147857042131,0.5012176517700642,0.3614864864864865,1243,2134,Life style
last_move:Within the past year,207.43473663413067,377.0021425022709,0.5502216386817514,0.3020408163265306,988,1642,Anthropometrics
autoimmune:Self-diagnosed,206.8451932796986,311.73153985996873,0.6635363023344203,0.46,1032,1805,Health
country:Switzerland,204.96012605466535,274.1258786296868,0.7476861618437106,0.3728813559322034,793,1387,Anthropometrics
cancer_treatment:Chemotherapy,204.40696296519184,251.93175787482275,0.8113584594870944,0.3877551020408163,663,921,Health (medication)
high_fat_red_meat_frequency:Occasionally (1-2 times/week),204.07700579313223,426.61896302373407,0.478358965449407,0.2762237762237762,1159,1999,Dietary habit
diabetes_type:Type II diabetes,203.52647913951793,279.6843903254352,0.7277005302394552,0.5510204081632653,914,1620,Health
seafood_frequency:Daily,201.58101173180373,365.99628844426854,0.5507733769341192,0.5384615384615384,1191,1871,Dietary habit
mental_illness_type_depression,201.15065630724024,423.36736781042623,0.47512083264128824,0.3822784810126582,1147,2060,Health
fruit_frequency:Rarely (less than once/week),200.69636112728975,322.73253032712853,0.621865917649701,0.19577960140679954,780,1117,Dietary habit
livingwith:Not provided,200.55891962567995,396.01414192515387,0.506443832158866,0.31893687707641194,1126,1827,Anthropometrics
smoking_frequency:Daily,200.10362990149798,320.4112690822993,0.6245211988786209,0.4,801,1385,Life style
specialized_diet_i_do_not_eat_a_specialized_diet,199.76881265582642,360.3487610770079,0.5543762993905093,0.2676864244741874,912,1426,Dietary habit
clinical_condition:Self-diagnosed,198.79848801518418,305.54810247419607,0.6506291035859827,0.5,1016,1623,Health
vegetable_frequency:Never,197.11100717270125,311.1144048231189,0.6335643869809462,0.38095238095238093,908,1387,Dietary habit
non_food_allergies_sun,196.51723634890482,361.5799610193907,0.5434959276915405,0.3945578231292517,992,1759,Health
"ibs:Diagnosed by a medical professional (doctor, physician assistant)",195.8245233160743,398.38117118148784,0.4915506491818205,0.27519818799546997,1069,1697,Health
"asd:Diagnosed by a medical professional (doctor, physician assistant)",194.52251075201696,306.38961179987183,0.6348861164362046,0.3150684931506849,885,1462,Health
mental_illness_type_substance_abuse,194.38145830114667,257.93376309065115,0.7536099809966756,0.6875,739,1421,Health
sleep_duration:Not provided,193.86230278182103,337.0794083446141,0.5751235405742298,0.2731707317073171,840,1190,Life style
race:African American,193.8096200915059,292.2159403559042,0.6632410944298782,0.4626865671641791,836,1444,Anthropometrics
"autoimmune:Diagnosed by a medical professional (doctor, physician assistant)",192.14724680896506,384.13550871897814,0.5002069385611893,0.2851182197496523,1035,1752,Health
country:Czech Republic,191.11279018371832,222.06722457235168,0.8606078206802278,0.6363636363636364,739,1137,Anthropometrics
pregnant:true,191.0398878674426,310.50169690580844,0.6152619768947513,0.42857142857142855,945,1534,Anthropometrics
collection_month:November,190.31343497455046,356.50853244264204,0.5338257507347868,0.30158730158730157,973,1563,Sample description
country_residence:Austria,190.22530862828626,222.38980186160404,0.8553688480133897,0.75,669,1189,Anthropometrics
allergic_to_other,189.7923204484125,421.6593339322584,0.45010819202902685,0.26383526383526384,1010,1662,Health
specialized_diet_westenprice_or_other_lowgrain_low_processed_fo,189.50175153679342,329.6215201255616,0.5749070978879267,0.375,790,1227,Dietary habit
"liver_disease:Diagnosed by a medical professional (doctor, physician assistant)",188.27871845204587,314.8389649038771,0.5980159365265633,0.3508771929824561,852,1600,Health
asd:Self-diagnosed,187.68102545863414,327.66178173904905,0.5727888814573557,0.5882352941176471,1120,2073,Health
sibo:Self-diagnosed,187.08062753812348,396.5610011936887,0.4717575025657891,0.3476190476190476,1088,1712,Health
breastmilk_formula_ensure:true,185.1364767357324,275.6682103744768,0.6715916807536019,0.32432432432432434,856,1274,Dietary habit
gluten:I was diagnosed with celiac disease,184.99747803133047,320.67022882255094,0.5769088035101082,0.39361702127659576,885,1464,Dietary habit
specialized_diet_modified_paleo_diet,184.83200099006888,320.86467678944814,0.5760434674189951,0.5151515151515151,903,1596,Dietary habit
meat_eggs_frequency:Rarely (less than once/week),182.15480273936853,331.41731790878316,0.5496236705092866,0.301994301994302,912,1542,Dietary habit
flu_vaccine_date:Week,181.00962439732655,285.4294985789582,0.6341657932992303,0.40298507462686567,808,1177,Health (medication)
vivid_dreams:Occasionally (1-2 times/week),180.24949037004248,331.8094193160035,0.5432319876319703,0.310126582278481,912,1563,Life style
"epilepsy_or_seizure_disorder:Diagnosed by a medical professional (doctor, physician assistant)",178.19742826939975,245.71872306007046,0.7252089952699132,0.36507936507936506,770,1097,Health
artificial_sweeteners:Rarely (a few times/month),177.64873357301838,325.06864868567226,0.5464960533453266,0.2727272727272727,864,1335,Dietary habit
flu_vaccine_date:Month,176.1277964165827,363.8384986191287,0.4840823527060444,0.3443708609271523,980,1731,Health (medication)
country_residence:New Zealand,173.71758310559176,185.14598178917777,0.9382735797280262,1.0,570,1086,Anthropometrics
specialized_diet_exclude_nightshades,172.18178856224557,242.08195240501217,0.7112541304780085,0.5384615384615384,661,1104,Dietary habit
mental_illness_type_ptsd_posttraumatic_stress_disorder,167.74423787637187,314.52250401715287,0.5333298436007101,0.47368421052631576,871,1491,Health
smoking_frequency:Occasionally (1-2 times/week),167.68337009688764,269.56095185571417,0.6220610549952437,0.3188405797101449,752,1300,Life style
kidney_disease:Self-diagnosed,164.95489409871868,179.8117939701269,0.9173752758738591,0.4444444444444444,577,1269,Health
"contraceptive:Yes, I use a contraceptive patch (Ortho-Evra)",162.25125606837508,191.09587558531618,0.8490568180574719,0.625,703,1418,Health (medication)
drinks_per_session:3-4,159.2913327141468,269.33404543933756,0.5914266518156324,0.3106796116504854,656,858,Life style
ibd_diagnosis:Ulcerative colitis,156.3964067623686,224.76264570654774,0.6958291769111903,0.36363636363636365,561,875,Health
teethbrushing_frequency:Occasionally (1-2 times/week),155.27990789471494,247.48714709760833,0.6274261500677969,0.40298507462686567,727,1154,Life style
vegetable_frequency:Rarely (less than once/week),155.21695514558888,279.88473537496805,0.5545745641956541,0.25842696629213485,805,1199,Dietary habit
ibd_diagnosis_refined:Ulcerative colitis,153.4695580561987,223.7748210095379,0.6858213867129288,0.36363636363636365,558,863,Health
cancer_treatment:Radiation therapy,153.3278772339706,247.70580550870048,0.6189918597954907,0.3870967741935484,764,1224,Health (medication)
ready_to_eat_meals_frequency:Daily,152.98013613846774,209.44397195800875,0.7304107857978296,0.42857142857142855,717,1171,Dietary habit
teethbrushing_frequency:Rarely (a few times/month),149.08853464034377,204.61943363625966,0.7286137586783178,0.3225806451612903,572,876,Life style
skin_condition:Diagnosed by an alternative medicine practitioner,147.83412496493023,258.1478756855205,0.5726722506329044,0.72,839,1318,Health
cdiff:Self-diagnosed,147.63866600784536,195.8831805205529,0.7537077232230996,0.5,581,939,Health
level_of_education:Did not complete high school,145.85151576723302,262.4575234185963,0.5557147452565606,0.24537037037037038,641,990,Anthropometrics
country:Belgium,145.59363373158442,181.50408094319636,0.8021507449033585,0.4117647058823529,573,869,Anthropometrics
cdiff:Diagnosed by an alternative medicine practitioner,143.7244519437424,175.1403670059491,0.8206243620516133,0.35714285714285715,569,836,Health
lung_disease:Self-diagnosed,143.66970735341437,205.49798500741912,0.6991295187066066,0.47368421052631576,666,1344,Health
migraine:Diagnosed by an alternative medicine practitioner,141.95471369178512,163.44597515463278,0.8685115283963692,0.45454545454545453,516,1067,Health
"contraceptive:Yes, I use an injected contraceptive (DMPA)",139.0989402397205,190.25883901872402,0.7311036951404465,0.6666666666666666,653,1185,Health (medication)
epilepsy_or_seizure_disorder:Diagnosed by an alternative medicine practitioner,136.2089337710062,145.94239706150555,0.9333061297712049,1.0,439,939,Health
drinks_per_session:2-3,134.69986441896768,331.108718917607,0.40681461019601345,0.2490974729241877,653,1064,Life style
lung_disease:Diagnosed by an alternative medicine practitioner,133.64029128496924,191.76180126401215,0.6969077804029234,0.6,549,853,Health
diabetes_type:Type I diabetes,132.31535861589117,168.23379179110944,0.7864969172197162,0.6,525,811,Health
country:Netherlands,130.8612046905718,180.77640354929008,0.7238843240671701,0.29411764705882354,462,798,Anthropometrics
thyroid:Self-diagnosed,130.71459605330773,176.89322864389882,0.7389462957705825,0.3939393939393939,532,799,Health
country:Ireland,130.64580553784094,197.56505124561775,0.6612799415389459,0.47058823529411764,553,1123,Anthropometrics
roommates:More than three,129.98704581610707,245.73697253760758,0.5289682072412357,0.2549019607843137,604,781,Anthropometrics
specialized_diet_exclude_dairy,129.61067313287393,235.65649510246874,0.549998306121443,0.3411764705882353,741,1074,Dietary habit
country:Not provided,127.14839726786289,211.05777994792578,0.6024340694725121,0.4,628,1013,Anthropometrics
diabetes:Diagnosed by an alternative medicine practitioner,125.77262659059744,137.67406936725644,0.9135534902733865,1.0,424,982,Health
frozen_dessert_frequency:Daily,124.75413897268129,283.98797400750175,0.4392937391404673,0.47058823529411764,714,1267,Dietary habit
ibd_diagnosis_refined:Ileal Crohn's Disease,122.23304556829059,138.6910580530395,0.8813332833724947,0.2727272727272727,431,695,Health
specialized_diet_fodmap,120.39457083297981,207.17718174238107,0.5811188752566729,0.391304347826087,532,785,Dietary habit
country_residence:Spain,111.98218767354341,125.91440067369209,0.8893517109591452,0.75,416,839,Anthropometrics
country_residence:Hong Kong,111.41484800891476,122.01760147329085,0.9131047214799006,0.5714285714285714,393,667,Anthropometrics
ibd_diagnosis:Crohn's disease,107.94526218928789,150.93505465531183,0.7151768847588182,0.25,458,754,Health
country:Thailand,107.67699433575065,121.32697772030986,0.8874942437284974,0.375,366,487,Anthropometrics
ibd:Diagnosed by an alternative medicine practitioner,106.68085774666503,179.34290717772393,0.5948429153150016,0.55,649,1422,Health
acid_reflux:Diagnosed by an alternative medicine practitioner,103.76137148815792,112.08210394937322,0.9257621674823866,0.5,377,800,Health
country_residence:Netherlands,103.28028380309877,138.5625728311787,0.7453692703074515,0.4444444444444444,435,898,Anthropometrics
specialized_diet_paleodiet_or_primal_diet,103.1968922964667,192.3662138478307,0.5364605885423286,0.2692307692307692,490,774,Dietary habit
roommates:Two,100.34162411449032,250.80250222665455,0.4000822289396852,0.2612244897959184,625,1020,Anthropometrics
specialized_diet_kosher,99.74267632706312,110.9315057225427,0.8991374963983216,0.6666666666666666,399,612,Dietary habit
country_residence:Switzerland,99.31797959082539,221.5986866680198,0.4481884847071097,0.23076923076923078,419,711,Anthropometrics
sex:other,98.46680815942543,109.09373809571866,0.9025890016989867,0.5714285714285714,398,751,Anthropometrics
cancer:Diagnosed by an alternative medicine practitioner,94.86357789606598,100.00550613225039,0.9485835486959632,1.0,287,321,Health
teethbrushing_frequency:Never,93.91728411573972,119.02395796531134,0.7890620150870065,0.13333333333333333,424,724,Life style
country:Puerto Rico,91.296154429243,98.48356083243772,0.9270192269405902,1.0,348,805,Anthropometrics
depression_bipolar_schizophrenia:Diagnosed by an alternative medicine practitioner,91.01125983531388,156.1810861320868,0.5827290748787792,0.42857142857142855,492,737,Health
diabetes:Self-diagnosed,90.8141949830192,107.69016519084684,0.84329144469302,0.4,402,626,Health
liver_disease:Diagnosed by an alternative medicine practitioner,90.21843740475543,125.99674295378685,0.7160378537550435,0.6666666666666666,496,1064,Health
"alzheimers:Diagnosed by a medical professional (doctor, physician assistant)",89.69154997631465,96.94728569490826,0.9251579281814314,0.2857142857142857,320,558,Health
country_residence:Czech Republic,89.34634152006846,94.51906948498674,0.9452731814531891,1.0,312,400,Anthropometrics
country:Italy,89.30234948559291,149.5480422157347,0.5971482351923224,0.375,399,770,Anthropometrics
cancer_treatment:No treatment,88.44927580933143,137.38291901803913,0.6438156682179503,0.36363636363636365,342,632,Health (medication)
country:Hong Kong,86.09297883984556,89.38919216147838,0.9631251469900486,0.75,312,589,Anthropometrics
country_residence:United Arab Emirates,85.24022323055095,95.52102708066174,0.8923713012274327,0.6666666666666666,323,626,Anthropometrics
country_residence:Sweden,84.00637062094553,120.06830981605191,0.699654811079174,0.4117647058823529,313,514,Anthropometrics
cardiovascular_disease:Self-diagnosed,83.21928464184175,121.10269081504745,0.6871794844669252,0.4444444444444444,334,773,Health
country_residence:Denmark,81.89515263753106,87.8534120956318,0.9321795327469473,0.6666666666666666,330,637,Anthropometrics
country_residence:Norway,77.59961865694692,91.09201193326967,0.8518817074080355,0.5,308,587,Anthropometrics
country:Jersey,77.08022811421361,86.24092631915438,0.8937778315246812,0.6666666666666666,308,592,Anthropometrics
country_residence:Italy,76.61699930936257,116.74049352775648,0.6563018280468887,0.6363636363636364,370,788,Anthropometrics
country:Sweden,72.73850001191599,101.48803212107588,0.7167199766484632,0.35,278,437,Anthropometrics
epilepsy_or_seizure_disorder:Self-diagnosed,72.1449269154025,104.49831742052982,0.6903931919312305,0.5714285714285714,312,604,Health
mental_illness_type_schizophrenia,72.1401117512757,88.47487293917021,0.8153740079499716,0.42857142857142855,300,566,Health
liver_disease:Self-diagnosed,71.47071141169714,73.93711159959427,0.9666419185908438,0.5,258,346,Health
asd:Diagnosed by an alternative medicine practitioner,67.78235576112888,90.32639353970487,0.7504158320162946,0.36363636363636365,317,465,Health
country:United Arab Emirates,65.4543453028728,88.85273579185926,0.7366610011446576,1.0,345,758,Anthropometrics
country:China,65.34600226135315,70.93909358197767,0.921156430985954,0.6666666666666666,254,349,Anthropometrics
mental_illness_type_bipolar_disorder,63.90854990966887,124.85123506060576,0.5118775947922833,0.25806451612903225,264,366,Health
country_residence:France,63.20047943118508,146.6539808227836,0.4309496344838837,0.391304347826087,422,915,Anthropometrics
country_residence:Greece,62.710695727888215,72.210588171539,0.8684418354122331,1.0,261,423,Anthropometrics
diabetes_type:Gestational diabetes,62.596352242102846,75.74680433701252,0.8263893479069994,0.6666666666666666,266,486,Health
country_residence:Jersey,60.9481055618125,62.31503414611545,0.9780642247407295,0.5,222,374,Anthropometrics
collection_month:Not provided,58.51080283607461,59.32430664375014,0.9862871754648441,0.5,224,606,Sample description
country_residence:Belgium,57.0279635029418,60.56253605380499,0.9416376396833349,0.2222222222222222,228,398,Anthropometrics
cardiovascular_disease:Diagnosed by an alternative medicine practitioner,56.90531621280821,57.78993213623295,0.9846925599196178,0.3333333333333333,214,578,Health
specialized_diet_raw_food_diet,55.8744020333093,71.38865310294182,0.7826790337778036,0.6666666666666666,294,453,Dietary habit
alzheimers:Diagnosed by an alternative medicine practitioner,54.67552207604544,57.65214887399443,0.9483691960128883,0.5,203,545,Health
country:Denmark,54.6235192887053,56.172321618814834,0.9724276603587849,0.3333333333333333,226,537,Anthropometrics
country_residence:Malta,54.03675102318068,54.851554968819364,0.9851452899356843,1.0,212,410,Anthropometrics
country_residence:Saudi Arabia,53.57546632617827,57.09102751007128,0.9384218267349833,1.0,217,563,Anthropometrics
country:Malta,53.220085891078995,54.37230075081318,0.9788087896994693,1.0,212,410,Anthropometrics
country:Slovakia,52.39373845858507,53.65833647862695,0.9764324035549333,0.25,196,419,Anthropometrics
country_residence:Slovakia,52.3283180504778,53.488890600744654,0.9783025496092324,0.3333333333333333,196,419,Anthropometrics
"country_residence:Tanzania, United Republic of",51.05758747433231,54.6542441905607,0.9341925449798907,0.5,204,404,Anthropometrics
country:Norway,50.40121018320526,170.21702870553503,0.29609969441069406,0.3684210526315789,419,864,Anthropometrics
country:Croatia,49.97227159630185,53.970176473080585,0.9259238131494193,0.5,186,438,Anthropometrics
country:Georgia,49.891394991175595,54.66987605316881,0.9125938925241767,1.0,197,363,Anthropometrics
country_residence:Croatia,49.85675397574951,53.82212655341376,0.9263244908443192,0.5,186,438,Anthropometrics
country_residence:Georgia,49.533923512139864,54.146833418783274,0.9148073928725218,1.0,197,363,Anthropometrics
pku:Diagnosed by an alternative medicine practitioner,49.15653375416915,52.50806651077356,0.9361710880000363,1.0,207,359,Health
country_residence:China,48.76412549889331,48.764125498893335,0.9999999999999994,0.5,140,132,Anthropometrics
country_residence:Brazil,47.0077063180145,49.168089125379716,0.9560612819046884,1.0,181,314,Anthropometrics
country_residence:Mexico,46.942687393016904,48.68649528093261,0.964182924282113,1.0,192,527,Anthropometrics
country_residence:Puerto Rico,45.323723850205646,48.536437553140935,0.9338082095658999,1.0,183,323,Anthropometrics
country_residence:Isle of Man,43.878538334886635,46.818537260152496,0.9372043831927208,1.0,184,451,Anthropometrics
country:Oman,41.59376800704969,61.56469463519603,0.6756107254899122,0.6666666666666666,227,485,Anthropometrics
alzheimers:Self-diagnosed,38.67701029031458,41.73005405842081,0.9268382503451333,0.3333333333333333,153,189,Health
country:Poland,38.5253281224604,41.63420295474924,0.9253288255411598,1.0,150,255,Anthropometrics
country:Finland,36.834524177078585,41.88238715621954,0.8794752801383399,0.5,170,376,Anthropometrics
country:Spain,33.56944819939751,38.48579458803502,0.872255557114937,0.3333333333333333,146,232,Anthropometrics
country:Japan,29.38636154105663,34.930068292549954,0.8412912707452189,0.2,153,347,Anthropometrics
country_residence:Morocco,29.071457953323073,31.773927627837104,0.914946943098517,0.16666666666666666,112,208,Anthropometrics
country:Morocco,28.316114211476926,31.62312232620613,0.8954243644692643,0.16666666666666666,109,200,Anthropometrics
ibd_diagnosis_refined:Colonic Crohn's Disease,26.939843763921814,42.30798646639239,0.6367555162503808,0.25,108,188,Health
country_residence:Singapore,22.82672812028589,40.70168141337744,0.5608301015491566,1.0,142,314,Anthropometrics
country:Isle of Man,21.10458750783959,22.664061573738497,0.9311917653936347,0.5,87,162,Anthropometrics
country:Greece,19.600663643210225,23.343148055746738,0.8396752484455425,1.0,85,100,Anthropometrics
"pku:Diagnosed by a medical professional (doctor, physician assistant)",17.37118254622611,33.62352126364539,0.5166378146422241,0.16666666666666666,104,156,Health
kidney_disease:Diagnosed by an alternative medicine practitioner,15.714313100763349,28.163107793708157,0.557975107572256,0.6666666666666666,171,347,Health
country:Singapore,15.1895880055622,18.994287822476394,0.7996924205596168,0.5,74,93,Anthropometrics
country:Brazil,8.983887202209717,9.787706931822274,0.9178745608944278,1.0,47,54,Anthropometrics
country_residence:Serbia,0.0,0.0,,0.0,0,0,Anthropometrics
country:Israel,0.0,2.332553357451951,0.0,0.0,0,0,Anthropometrics
country:India,0.0,0.0,,0.0,0,0,Anthropometrics
country:Latvia,0.0,0.0,,0.0,0,0,Anthropometrics
pku:Self-diagnosed,0.0,0.0,,0.0,0,0,Health
country_residence:Romania,0.0,0.0,,0.0,0,0,Anthropometrics
country_residence:Japan,0.0,0.0,,0.0,0,0,Anthropometrics
country_residence:Portugal,0.0,0.39056407830691453,0.0,0.0,0,0,Anthropometrics
country:Portugal,0.0,0.39056407830691453,0.0,0.0,0,0,Anthropometrics
country:Romania,0.0,0.0,,0.0,0,0,Anthropometrics
country:Serbia,0.0,0.0,,0.0,0,0,Anthropometrics
ibd_diagnosis:Not provided,0.0,169.83713238077087,0.0,0.0,0,0,Health
country_residence:Thailand,0.0,0.0,,0.0,0,0,Anthropometrics
country:United States Minor Outlying Islands,0.0,0.0,,0.0,0,0,Anthropometrics
ibd_diagnosis_refined:Not provided,0.0,168.26422148611482,0.0,0.0,0,0,Health
ibd_diagnosis_refined:Microcolitis,0.0,0.0,,0.0,0,0,Health
country_residence:Finland,0.0,1.962752514042166,0.0,0.0,0,0,Anthropometrics
age_cat:baby,0.0,4.354326091346124,0.0,0.0,0,0,Anthropometrics
ibd_diagnosis_refined:Ileal and Colonic Crohn's Disease,0.0,0.0,,0.0,0,0,Health
diabetes_type:Not provided,0.0,498.1946980270749,0.0,0.0,0,0,Health
country_residence:India,0.0,0.0,,0.0,0,0,Anthropometrics
country_residence:Israel,0.0,2.332553357451951,0.0,0.0,0,0,Anthropometrics
specialized_diet_halaal,0.0,0.0,,0.0,0,0,Dietary habit
