,r2,pvals,Source,End
age_years,0.06128392369320939,0.001,-0.9293547374951977,-0.36918798991195834
elevation,0.0017375966302549536,0.001,0.49826262528759824,-0.8670261566074638
height_cm,0.011857977699715567,0.001,-0.9966621406814379,-0.08163686258237476
weight_kg,0.004726493166491481,0.001,-0.7542093047806508,-0.6566340872832352
bmi,0.0010618112951439635,0.006,-0.5860108199386663,-0.8103032265237575
acne_medication,0.001712166011778786,0.001,0.9972074487106186,-0.07468135132721482
acne_medication_otc,0.007397458578172207,0.001,0.9729624210452017,-0.2309634759737132
alcohol_consumption,0.021458070259592267,0.001,-0.9242521347302141,-0.3817826494835014
alcohol_types_beercider,0.0051485080404202336,0.001,-0.26579357521856467,0.9640299660137817
alcohol_types_red_wine,0.022447750840264753,0.001,-0.9714116482859111,0.2374013680972574
alcohol_types_sour_beers,0.000971368723615253,0.005,0.009021092521563814,0.9999593091169847
alcohol_types_spiritshard_alcohol,1.6323930361231353e-05,0.937,0.7299620605598627,0.6834876664163001
alcohol_types_unspecified,0.018268073363022587,0.001,0.9415290445944732,-0.336931830174916
alcohol_types_white_wine,0.012146708204844647,0.001,-0.9877938966132959,0.15576654908394602
allergic_to_i_have_no_food_allergies_that_i_know_of,0.011086305954998038,0.001,-0.49806989628549175,0.8671368856265771
allergic_to_other,0.000559239940747788,0.075,0.2471088142640637,-0.9689877367196182
allergic_to_peanuts,0.002218489426874073,0.001,0.9912334080839902,-0.13212240800938288
allergic_to_shellfish,3.399978438625237e-05,0.858,0.5682769904672511,0.8228373242053886
allergic_to_tree_nuts,0.0011605013650063131,0.006,0.985440230157666,0.17002221262766337
allergic_to_unspecified,0.008590190422876093,0.001,0.48288234569000066,-0.8756852403808817
appendix_removed,0.00014139513458486308,0.488,0.9973069602957688,-0.07334048640153538
cat,0.002489606224615057,0.001,-0.2524562113855561,-0.9676083202065034
csection,0.005996495333488014,0.001,0.8998019468099665,0.4362985864256199
dog,0.0013268704836953012,0.003,0.4117320459808847,-0.9113049557159199
lactose,0.00522126421017327,0.001,0.7651688281099079,-0.6438296859332524
lowgrain_diet_type,0.006532167115449529,0.001,-0.8615948572286171,-0.5075965937604379
mental_illness,0.0013070024685953908,0.001,-0.4687811219605799,-0.8833143606289778
mental_illness_type_anorexia_nervosa,0.00013876134765320396,0.517,-0.7777985275920517,0.6285136836025422
mental_illness_type_bipolar_disorder,0.00021177930098966634,0.401,0.7497067963973295,-0.6617701409369066
mental_illness_type_bulimia_nervosa,0.0010202767285293292,0.014,-0.9990619793493906,-0.04330313404914119
mental_illness_type_depression,0.0014186786553477247,0.001,-0.5798009853567663,-0.8147581342823911
mental_illness_type_ptsd_posttraumatic_stress_disorder,0.0011013349480040874,0.006,0.425859752965479,-0.904789185835121
mental_illness_type_schizophrenia,0.00016730596885225217,0.448,-0.5180844358791507,0.855329478797371
mental_illness_type_substance_abuse,0.0004605014189759415,0.112,-0.26251362569437325,-0.9649282855864443
mental_illness_type_unspecified,0.0030982023137352405,0.001,-0.619824089326638,0.7847407841385612
multivitamin,0.01037859833687767,0.001,0.3103067200061048,-0.9506364917880297
nail_biter,0.0007401858491189738,0.028,0.8563765785935924,0.51635177508781
non_food_allergies_beestings,0.0008112224214011639,0.02,0.19316208984647515,-0.9811668599408269
non_food_allergies_drug_eg_penicillin,0.002647365958241974,0.001,0.47215722896519186,-0.8815143510663405
non_food_allergies_pet_dander,0.0009192384885440951,0.02,0.6214199106546405,-0.7834776924979923
non_food_allergies_poison_ivyoak,0.003614455542876979,0.001,0.19219891935603922,-0.9813559881094988
non_food_allergies_sun,0.0004722309307252197,0.104,0.10414671527057724,-0.9945619446260496
non_food_allergies_unspecified,0.004555405465569084,0.001,-0.17902783396408012,0.983844009315567
other_supplement_frequency,0.01889561017850439,0.001,-0.1072172165634226,-0.9942356201989507
pets_other,0.000631857246189156,0.051,-0.9998225031474257,-0.018840440547291674
roommates_in_study,0.007425801480298216,0.001,-0.44870818353861686,0.8936783347633952
seasonal_allergies,0.007430002653047299,0.001,0.6465472421697047,-0.7628739500354887
softener,0.004164440299272713,0.001,0.7084478002343414,-0.7057632140761678
specialized_diet_exclude_dairy,0.0006715705550420272,0.036,0.6983191952383696,-0.7157864916032125
specialized_diet_exclude_nightshades,8.927558025477458e-05,0.665,-0.6861246831731121,-0.7274839648683651
specialized_diet_exclude_refined_sugars,0.00033317024335037656,0.185,-0.7290865648555408,-0.6844214936332341
specialized_diet_fodmap,0.0002858022750495409,0.25,0.758649632754237,-0.6514988370840435
specialized_diet_halaal,0.00034204163821018095,0.181,0.46011644530522766,0.8878585792566751
specialized_diet_i_do_not_eat_a_specialized_diet,0.00036682458941396254,0.172,0.7143172237585135,0.6998220515544861
specialized_diet_kosher,8.873827355816497e-07,0.994,0.9779801594311008,0.2086978863312197
specialized_diet_modified_paleo_diet,0.0015313316462536922,0.001,-0.4089398509434884,-0.9125613394782388
specialized_diet_other_restrictions_not_described_here,0.0002716150269545782,0.279,0.983350871751696,0.18171698606673994
specialized_diet_paleodiet_or_primal_diet,0.0005218535333897745,0.076,0.8160823005221416,-0.5779357047064049
specialized_diet_raw_food_diet,0.000385069925318449,0.16,0.8793232184855332,0.4762254481149063
specialized_diet_unspecified,0.0012386539915097627,0.004,0.715953919838225,0.6981475378945919
specialized_diet_westenprice_or_other_lowgrain_low_processed_fo,0.0009633220458161747,0.013,-0.23214206719938196,-0.9726818907723109
subset_age,0.008897703144260444,0.001,-0.8793115890820328,-0.4762469205213092
subset_antibiotic_history,0.03778093995130515,0.001,-0.977038048973373,0.21306489823127817
subset_bmi,0.02287592034515421,0.001,-0.9964440639224545,-0.08425691350686466
subset_diabetes,0.002819690999971223,0.001,-0.9865259197794609,0.16360504149716404
subset_healthy,0.040960990502202435,0.001,-0.9924243460356299,0.12285730501582823
subset_ibd,0.00945575811145714,0.001,-0.9811498864449275,-0.1932482867430027
tonsils_removed,0.0064515855738816194,0.001,-0.5159033083528337,-0.8566468212925329
"acid_reflux:Diagnosed by a medical professional (doctor, physician assistant)",0.0017111953778024933,0.001,0.4357082252689916,-0.9000879637196276
acid_reflux:Diagnosed by an alternative medicine practitioner,5.708496373580967e-05,0.783,-0.9454579150833283,0.32574427210050244
acid_reflux:I do not have this condition,0.005934650542531726,0.001,-0.7910222824895692,0.6117873393631093
acid_reflux:Self-diagnosed,0.00010010862985190773,0.604,-0.995319408562661,-0.09663992414356906
acid_reflux:Not provided,0.003417265797207753,0.001,0.8882588914822188,-0.45934316333519076
"add_adhd:Diagnosed by a medical professional (doctor, physician assistant)",0.002338224091415546,0.001,0.9994420999699171,-0.03339893423033477
add_adhd:Diagnosed by an alternative medicine practitioner,0.0001267560838448592,0.537,0.9999948194114323,-0.0032188740728403948
add_adhd:I do not have this condition,0.017869196864237716,0.001,-0.6744151378035429,0.738352369740511
add_adhd:Self-diagnosed,0.000509565304384343,0.08,0.37601942345749567,-0.9266117812669407
add_adhd:Not provided,0.014305310236683636,0.001,0.605472795477132,-0.7958660025011165
age_cat:teen,0.005616432845764045,0.001,0.9031826804262516,0.4292563869973881
age_cat:70+,0.006352771903015352,0.001,-0.9424623307937083,-0.33431236147485
age_cat:50s,0.008501014099921777,0.001,-0.9123212096706441,-0.40947528665976
age_cat:30s,0.0014274379092739898,0.004,0.9906059116966643,0.13674767899902476
age_cat:child,0.012970282560790403,0.001,0.8532945250711286,0.5214292411091243
age_cat:baby,0.002673345656273473,0.001,0.6098128597344384,0.7925454410331979
age_cat:20s,0.013846844180605342,0.001,0.9545461517883419,0.29806315455968035
age_cat:Not provided,0.008926759552416964,0.001,0.9316654329945694,0.3633173832381839
age_cat:60s,0.010074196934380853,0.001,-0.9388423778037303,-0.34434719345427783
age_cat:40s,0.0005279647104390374,0.074,-0.9593359852509622,-0.28226666009744306
alcohol_frequency:Never,0.018199673661644544,0.001,0.9400737051698153,0.34097130208904003
alcohol_frequency:Not provided,0.0024543507856499692,0.001,0.7424572487020787,0.6698934496244456
alcohol_frequency:Occasionally (1-2 times/week),0.0011951801095183988,0.002,-0.9802286238769311,-0.19786825145115594
alcohol_frequency:Daily,0.0050522285531167145,0.001,-0.777775947141316,-0.6285416263450089
alcohol_frequency:Regularly (3-5 times/week),0.006908677585050435,0.001,-0.997886443935585,-0.06498188216412687
alcohol_frequency:Rarely (a few times/month),0.00029417748958704025,0.261,0.599629518820496,-0.8002777268917963
"alzheimers:Diagnosed by a medical professional (doctor, physician assistant)",1.9577637370891047e-05,0.902,0.25192922278331004,0.9677456622004551
alzheimers:Diagnosed by an alternative medicine practitioner,0.00034101754236687335,0.202,-0.777844068624613,-0.6284573214670257
alzheimers:I do not have this condition,0.014341073756727364,0.001,-0.5841970814819308,0.811611834553929
alzheimers:Self-diagnosed,0.00014600189951309908,0.52,0.6449428596048393,0.764230794881188
alzheimers:Not provided,0.014432303970108489,0.001,0.5837126142264737,-0.8119603340021581
antibiotic_history:Week,0.006443601638608361,0.001,0.9920459242056769,-0.12587646430887914
antibiotic_history:Year,0.005266347430158454,0.001,0.9497268500904669,-0.3130797186296802
antibiotic_history:Month,0.0040694491906296615,0.001,0.9493264286708791,-0.31429179408154145
antibiotic_history:I have not taken antibiotics in the past year.,0.03778093995130515,0.001,-0.977038048973373,0.21306489823127817
antibiotic_history:6 months,0.015538545631330275,0.001,0.9725230810188722,-0.23280647947503527
antibiotic_history:Not provided,0.0010853594272098445,0.01,0.8521020713381077,0.5233756394993052
artificial_sweeteners:Never,0.004843887662075055,0.001,-0.8914683718542594,0.4530829305806121
artificial_sweeteners:Daily,0.0006078074013913393,0.048,0.15994326013972182,-0.9871262095273721
artificial_sweeteners:Occasionally (1-2 times/week),6.519260700230139e-05,0.73,-0.9989657444141229,-0.04546912674702786
artificial_sweeteners:Not provided,0.0033763044050495426,0.001,0.9090885188379157,-0.41660300637067466
artificial_sweeteners:Regularly (3-5 times/week),0.0004391788404611607,0.135,0.8494017888560682,-0.5277467205848949
artificial_sweeteners:Rarely (a few times/month),7.316639711554174e-05,0.707,0.23780754903717743,0.9713122925305384
"asd:Diagnosed by a medical professional (doctor, physician assistant)",0.0035011938874940363,0.001,0.864101396658513,0.5033177687036362
asd:Diagnosed by an alternative medicine practitioner,8.082316671519098e-05,0.666,0.88752868731969,-0.4607524597705235
asd:I do not have this condition,0.01501103229353468,0.001,-0.6953202438631971,0.718700047637416
asd:Self-diagnosed,0.00014150098339498624,0.526,0.5112831973848709,-0.8594122945780466
asd:Not provided,0.014264048325442346,0.001,0.5994691393137341,-0.8003978704434755
"autoimmune:Diagnosed by a medical professional (doctor, physician assistant)",0.0011480676726821945,0.003,-0.02392640405133476,-0.9997137226172161
autoimmune:Diagnosed by an alternative medicine practitioner,0.00048111673164008377,0.121,-0.38700983611722656,-0.9220755862447055
autoimmune:I do not have this condition,0.01843706642164979,0.001,-0.5073308693084199,0.861751349895527
autoimmune:Self-diagnosed,0.00010925862367780359,0.591,0.7446558501209197,-0.6674486234015997
autoimmune:Not provided,0.015378321209093427,0.001,0.5873719993094101,-0.8093170790408827
bmi_cat:Overweight,0.0008584025766193314,0.015,0.447520150786273,-0.894273847677674
bmi_cat:Underweight,0.012107322837764528,0.001,0.8557518127145275,0.5173865431529898
bmi_cat:Obese,0.008370570020505268,0.001,0.9513462090199818,-0.30812398573189526
bmi_cat:Normal,0.019677133820774975,0.001,-0.997061487303019,0.07660542106856254
bmi_cat:Not provided,0.0029219004993260057,0.001,0.9873413987877551,-0.1586094645342426
bowel_movement_frequency:Two,0.0034842834677727185,0.001,0.5614913433887785,0.8274826108743706
bowel_movement_frequency:Three,0.0038139454528714855,0.001,0.9678958165590833,0.25135172226866737
bowel_movement_frequency:One,0.010265448975271757,0.001,-0.9192605125204996,0.3936497302432056
bowel_movement_frequency:Less than one,0.006144946328724666,0.001,-0.9792209282695368,-0.20279638467918176
bowel_movement_frequency:Four,0.002551786070113239,0.001,0.891288117263842,0.4534374179798968
bowel_movement_frequency:Five or more,0.002501965044105235,0.001,0.9439985725864147,0.3299495339514993
bowel_movement_frequency:Not provided,0.010816639419112248,0.001,0.5472523162624879,-0.8369676829754791
"bowel_movement_quality:I tend to have diarrhea (watery stool) - Type 5, 6 and 7",0.005749889175888478,0.001,0.8932266176036586,0.44960672771248367
bowel_movement_quality:I tend to be constipated (have difficulty passing stool) - Type 1 and 2,0.0019945295811885683,0.001,-0.5022891149031234,-0.8646997427141035
bowel_movement_quality:I tend to have normal formed stool,0.003502034407315514,0.001,-0.7828193270085939,0.6222490669031266
bowel_movement_quality:I tend to be constipated (have difficulty passing stool),0.0009218605762776914,0.019,-0.9994523192651414,0.03309171369889994
bowel_movement_quality:I tend to have normal formed stool - Type 3 and 4,0.007354306122464413,0.001,-0.7004975526582999,0.7136548036128757
"bowel_movement_quality:I don't know, I do not have a point of reference",0.00035240267268345276,0.188,0.5918889036683296,0.8060195566574688
bowel_movement_quality:Not provided,0.013930688348845987,0.001,0.5372747453858371,-0.8434072847507211
bowel_movement_quality:I tend to have diarrhea (watery stool),0.0019533718029950057,0.001,0.9817236754984037,0.19031191493415456
breastmilk_formula_ensure:true,0.007898455684243251,0.001,0.5674876529885398,0.8233819063506064
breastmilk_formula_ensure:Not provided,0.013993124004128103,0.001,0.49274850760484956,-0.8701717693956714
breastmilk_formula_ensure:I eat both solid food and formula/breast milk,0.008257679459877829,0.001,0.7764082417508917,0.6302303088088425
breastmilk_formula_ensure:false,0.012445229467105755,0.001,-0.7173775645261987,0.6966845985913995
cancer:I do not have this condition,0.003985785923496355,0.001,-0.829736838966625,0.5581547975800917
cancer:Not provided,0.0034841041091438576,0.001,0.9035944138763343,-0.4283889998721766
cancer:Diagnosed by an alternative medicine practitioner,0.0004608705697350425,0.1,0.964429236677474,-0.26434115729811103
"cancer:Diagnosed by a medical professional (doctor, physician assistant)",0.0007961342413642502,0.024,-0.28033141369029585,-0.9599032755952028
cancer_treatment:No treatment,0.0003466397901905683,0.198,-0.9378872466125079,0.3469402147944354
cancer_treatment:Radiation therapy,0.0004592879583933169,0.113,-0.6785508442257684,-0.7345534369945437
cancer_treatment:Chemotherapy,0.0004259283936535785,0.122,0.9279618697444315,0.3726751511711222
cancer_treatment:Surgery only,0.001197264210952978,0.006,-0.152818152475229,-0.9882543257047033
cancer_treatment:Not provided,0.0008035408921675497,0.022,0.1597231878661064,0.987161842484751
"cardiovascular_disease:Diagnosed by a medical professional (doctor, physician assistant)",0.00014429236288814786,0.486,-0.9287540689432457,0.3706964788359405
cardiovascular_disease:Diagnosed by an alternative medicine practitioner,5.6579690175951914e-05,0.77,0.6012127071764185,0.7990890317915783
cardiovascular_disease:I do not have this condition,0.013605848110913097,0.001,-0.5757862493793436,0.8176002660381589
cardiovascular_disease:Self-diagnosed,4.9629417906811446e-05,0.8,-0.9869584796281713,0.16097502753548032
cardiovascular_disease:Not provided,0.015022590649572462,0.001,0.5901332508742876,-0.8073058566692956
"cdiff:Diagnosed by a medical professional (doctor, physician assistant)",0.00421632278381657,0.001,0.9937963366200144,0.11121529265635592
cdiff:Diagnosed by an alternative medicine practitioner,0.00010015870543453731,0.63,0.9719742426404027,0.23508737023416562
cdiff:I do not have this condition,0.017520517296995455,0.001,-0.6552976044739156,0.7553708026994078
cdiff:Self-diagnosed,0.0004228443201061534,0.144,0.20330419391630833,-0.9791156237830342
cdiff:Not provided,0.015460110000348432,0.001,0.5827970850540491,-0.8126177192582643
census_region:West,0.007386616207441688,0.001,0.7165597979279082,-0.6975256669066129
census_region:South,0.010049200175957214,0.001,0.7353458314550637,-0.6776920452253082
census_region:Midwest,0.005496089029115488,0.001,0.8195065591613402,-0.5730698033324918
census_region:Northeast,0.009166527025531883,0.001,0.9091442928296282,-0.416481277868904
census_region:Not provided,0.07397685029064918,0.001,-0.7967829039450125,0.6042656733432349
chickenpox:false,0.026042405418150203,0.001,0.8982977846869353,0.43938717553718415
chickenpox:Not sure,0.0006262131763780927,0.051,-0.7453698848916679,0.666651134174826
chickenpox:Not provided,0.0012647824879486451,0.004,0.7050574286330661,0.7091502114004683
chickenpox:true,0.021622987784481906,0.001,-0.8435585112224949,-0.5370372781698566
"clinical_condition:Diagnosed by a medical professional (doctor, physician assistant)",0.0007011021435815044,0.034,0.4106039235079664,-0.9118138066512615
clinical_condition:Diagnosed by an alternative medicine practitioner,0.0003794457089012857,0.166,0.18836791695288435,-0.9820985326650435
clinical_condition:I do not have this condition,0.019118214341519273,0.001,-0.5207671842327574,0.853698740672777
clinical_condition:Self-diagnosed,7.131394941409538e-05,0.716,-0.9627770597014594,-0.2702967504662468
clinical_condition:Not provided,0.015415024999518022,0.001,0.5538700143116445,-0.8326031511148746
collection_month:October,0.0015434884132729011,0.001,-0.7756124981360669,0.6312093572937031
collection_month:January,0.001373818212403351,0.004,-0.6494721770288003,-0.7603853570824932
collection_month:May,0.0018868392375750325,0.001,0.9895078963581583,-0.14447879790769433
collection_month:February,0.00026846363101420013,0.273,-0.991216320361458,0.13225054347370982
collection_month:August,0.0003629145183508229,0.176,0.6057329358094596,0.7956680278078623
collection_month:September,0.0003941030864233127,0.179,0.8784990658529112,0.4777440646366655
collection_month:July,0.001499889614816329,0.002,-0.5742409214207654,0.8186863649565873
collection_month:April,0.0018584212345670967,0.001,0.5778577748606875,-0.8161374835363555
collection_month:December,9.023048565377164e-05,0.623,-0.15840489660790483,-0.9873742394505939
collection_month:June,0.005712933097568512,0.001,0.04291019986149546,0.9990789331918908
collection_month:November,0.001900221749848518,0.001,-0.37462086556386287,-0.927178088116939
collection_month:Not provided,0.00025642450088299404,0.307,0.4681922060634683,0.8836266509003804
collection_month:March,0.0015659981255572548,0.002,0.35766156116862297,-0.9338512770577677
collection_season:Fall,0.00026366199766138454,0.32,-0.9904276814083378,-0.13803263346072897
collection_season:Summer,0.006085407741334037,0.001,-0.06930678308321545,0.9975953938439452
collection_season:Spring,0.005215261078478865,0.001,0.6900455815101864,-0.7237659120449573
collection_season:Winter,0.0013038534073884678,0.001,-0.7903956594173703,-0.612596687531185
consume_animal_products_abx:false,0.0008817006061209309,0.01,-0.646016242434088,0.7633236630102211
consume_animal_products_abx:Not sure,0.006263938156525491,0.001,-0.5533011379617943,0.8329813027494577
consume_animal_products_abx:Not provided,0.01407903100990201,0.001,0.5186653069604172,-0.8549773677447
consume_animal_products_abx:true,0.0005461705063350574,0.078,-0.23579420954993358,0.9718030102560508
"contraceptive:""Yes, I am taking the """"pill""""""",0.0015161125835965125,0.001,0.9948916839133779,-0.10094819106850483
"contraceptive:Yes, I use the NuvaRing",0.00021302587387054094,0.331,0.9020516252110446,-0.43162815646585534
"contraceptive:Yes, I use a contraceptive patch (Ortho-Evra)",0.00011135040135434662,0.604,-0.09974525034810905,-0.9950130074692456
contraceptive:No,0.004416134146249108,0.001,-0.9893443681557462,0.14559437213885434
"contraceptive:Yes, I use a hormonal IUD (Mirena)",0.002047158013864658,0.001,-0.730336026362719,0.683088053326007
"contraceptive:Yes, I use an injected contraceptive (DMPA)",0.00016393924453509903,0.454,-0.6743131391733475,-0.7384455229319126
contraceptive:Not provided,0.004281932077083067,0.001,0.9700690390507064,-0.24282928051460162
cosmetics_frequency:Never,0.014253190720506438,0.001,0.46525214816414723,0.8851781959744865
cosmetics_frequency:Not provided,0.00178262701601341,0.001,0.6419329190899952,0.7667608019379953
cosmetics_frequency:Occasionally (1-2 times/week),0.0013770210378272918,0.002,-0.501436780480365,-0.8651942875340117
cosmetics_frequency:Daily,0.005919017194960015,0.001,-0.48705900848262473,-0.8733690641738591
cosmetics_frequency:Regularly (3-5 times/week),0.004731301050773089,0.001,-0.34074370686560657,-0.9401562243752287
cosmetics_frequency:Rarely (a few times/month),0.0007457979875542003,0.037,-0.7776440792626411,-0.6287047685422462
country:Ireland,0.0004327039458823829,0.139,-0.5901386730998012,0.8073018930437399
country:Isle of Man,0.00018752865008775336,0.416,-0.9983771537578418,0.05694786084122092
country:Greece,0.00027246239954012435,0.267,0.9759728567784093,-0.2178921357731636
country:Slovakia,7.830279101970091e-05,0.683,0.9914873478174195,0.13020306877327906
country:Denmark,2.8036091771249227e-05,0.88,0.9582477465260746,0.2859392527753052
country:USA,0.08736973342873092,0.001,0.8020250586981692,-0.5972903860101871
country:Sweden,0.0012692167190833518,0.003,-0.9426959784573989,0.3336529517331554
country:Puerto Rico,7.013746310203642e-05,0.751,0.2724577173823878,-0.9621677568068776
country:Romania,0.0005797951806305246,0.038,-0.37109021487178384,0.9285968190912638
country:Latvia,0.0003460841057775743,0.184,0.08321973510566961,0.9965312216327907
country:France,0.0003328646017707134,0.241,-0.6057514552837097,0.7956539288042686
country:Switzerland,0.0013435649262285134,0.002,-0.8379521652676892,0.545743684089144
country:Croatia,0.00017851713274315916,0.446,0.8909234271611115,0.454153549953647
country:Finland,0.00016020376442842725,0.493,-0.9815924620926977,-0.19098753457436954
country:Israel,0.00019037015389596155,0.442,-0.33023927753793286,0.9438972505369555
country:Poland,0.0002444821251913793,0.331,-0.9850331098616776,-0.17236522989348052
country:Oman,0.0004930427245006571,0.098,-0.8592652705645779,0.5115302481785242
country:Singapore,0.0008031634283112129,0.026,0.9348158500658502,0.3551328293268051
country:Germany,0.0001087770613522269,0.59,-0.8253396203237183,-0.5646366186530063
country:Malta,0.000305569668576931,0.256,-0.8761930343584605,0.48196033710432395
country:Australia,0.0016282587875920487,0.001,-0.7317342016158254,0.6815900954280737
country:Morocco,0.0014639421246943679,0.002,-0.6498284489873286,0.7600809081188151
country:India,0.0007774956408914659,0.025,0.477092855543708,0.8788528928035401
country:Canada,0.0006111450490136618,0.054,-0.9945176550099778,0.10456879971317914
country:Austria,0.00015238945994393115,0.498,-0.4576863440421376,-0.8891137219036392
country:Japan,1.3962709297915195e-05,0.946,0.7235779341648984,0.6902426915148455
country:Netherlands,0.0008373500606594947,0.028,-0.7409541701024579,0.6715555954705298
country:United States Minor Outlying Islands,0.0003171338494216324,0.205,0.3847434759386899,-0.9230235412613346
country:Brazil,0.00010440207042460932,0.658,-0.11494166757964966,0.9933722429452161
country:Czech Republic,7.523297574456272e-05,0.709,-0.2780435355323061,0.9605684735346539
country:New Zealand,0.000609529914601138,0.052,-0.8741166298987374,0.48571608716870146
country:Thailand,0.0011076853571913754,0.005,0.9610867519596518,0.2762467288632513
country:Serbia,0.00025801678645590676,0.263,0.458913713608653,0.8884808402334374
country:Georgia,1.4354549156745165e-05,0.955,0.9847896824369458,-0.17375062982832512
country:China,0.00034638283351866067,0.166,0.8879126650204897,0.46001206429420066
country:Not provided,0.0002129675846377087,0.359,0.758513820942033,0.6516569522685363
country:Hong Kong,0.00027969169498212365,0.254,0.11606133914557333,-0.9932420478190279
country:United Arab Emirates,0.00022042807455939576,0.349,-0.6298910232523984,-0.7766835255276413
country:Italy,0.00024529906674407287,0.321,0.4231882312703993,0.9060417876203233
country:Spain,0.00025563054575484926,0.299,-0.9201501941223632,0.39156560147257224
country:Norway,0.0004313385502895984,0.129,-0.6979760214106728,0.7161211304910141
country:Jersey,3.2732892738881495e-05,0.855,0.7052007384751493,0.7090076998553007
country:Belgium,0.0007807362037029975,0.023,0.010061128267963052,0.9999493855680774
country:United Kingdom,0.07794315904812757,0.001,-0.8178818252411556,0.5753862354455445
country:Portugal,0.0004709215261208727,0.085,0.9708697154568995,-0.2396080040579593
country_residence:Ireland,0.00011844360716197488,0.601,-0.8795923111146752,0.4757282482972232
country_residence:Isle of Man,4.526220143157194e-05,0.824,-0.06965977846492696,-0.9975708071431407
country_residence:Greece,7.539947759487023e-05,0.739,0.9995423876724543,0.03024921893287823
country_residence:Slovakia,0.00030829386644681925,0.235,-0.10643802232257624,-0.9943193387458874
country_residence:Denmark,0.0001285412518308978,0.549,0.6954443100330329,-0.7185799966897765
country_residence:Sweden,0.0009143349529271875,0.008,-0.9260717215729676,0.37734754074046906
country_residence:Puerto Rico,0.0001441011329137227,0.549,0.6907646664161826,-0.7230796468100454
country_residence:Romania,0.0005797951806305246,0.038,-0.37109021487178384,0.9285968190912638
country_residence:France,0.00034823341596167313,0.198,-0.8746394378414217,0.4847740234093013
country_residence:Switzerland,0.0008856867194316109,0.011,-0.7573201759759705,0.6530437589164491
country_residence:Croatia,0.00017851713274315916,0.446,0.8909234271611115,0.454153549953647
country_residence:Israel,0.00019037015389596155,0.442,-0.33023927753793286,0.9438972505369555
country_residence:Finland,0.00040065662353527836,0.131,0.9519740194310997,-0.3061788143033351
country_residence:Singapore,1.2715252928637027e-05,0.95,0.5776685335628133,0.8162714409627404
country_residence:Germany,0.00025629523741266025,0.302,-0.871729160279992,-0.4899880316064262
country_residence:Malta,0.000305569668576931,0.256,-0.8761930343584605,0.48196033710432395
country_residence:Australia,0.00033146781033476164,0.196,-0.699273398660542,0.7148543305637414
country_residence:Morocco,0.0014639421246943679,0.002,-0.6498284489873286,0.7600809081188151
country_residence:India,0.0003275828794471027,0.188,-0.25186534238273006,0.9677622896695397
country_residence:Saudi Arabia,0.00015067499027768922,0.552,-0.967119995611914,0.2543204948241717
country_residence:Canada,0.00048070856284434274,0.122,-0.8718182160796136,-0.4898295602674059
country_residence:Austria,0.00017171361865284416,0.454,-0.33145767974519197,-0.9434700877812364
country_residence:Japan,0.0002190916154661566,0.384,0.13795073705476468,-0.990439091588194
country_residence:Netherlands,0.000807697572876405,0.019,-0.8833452873105108,0.4687228428253857
country_residence:Brazil,1.00951168995638e-05,0.96,-0.22739244838064565,0.9738032010727093
country_residence:Czech Republic,0.00011388625345785093,0.579,0.2758982044679084,0.9611868604862346
country_residence:New Zealand,0.00026632895841138067,0.267,-0.9983900713111314,0.05672094416839071
country_residence:Thailand,7.349704834739902e-05,0.754,-0.40525122977188943,0.9142053602820163
country_residence:Serbia,0.00025801678645590676,0.263,0.458913713608653,0.8884808402334374
country_residence:Georgia,1.4354549156745165e-05,0.955,0.9847896824369458,-0.17375062982832512
country_residence:United States,0.014810799963753453,0.001,0.8129429041574227,-0.5823433991899414
country_residence:China,0.0009469519744661496,0.012,0.7287094293889668,0.6848230191221718
country_residence:Not provided,0.0030385120377384315,0.001,0.8713701562213892,-0.4906261823901287
country_residence:Hong Kong,0.00033071396518395316,0.193,0.562547857707597,-0.8267647233576149
country_residence:United Arab Emirates,0.000287598724324765,0.255,-0.9965957634885831,0.08244321801463152
country_residence:Mexico,9.111423875603406e-05,0.682,-0.9223446318909234,-0.3863681923010704
country_residence:Italy,0.00010399621775268039,0.618,0.06471767086305323,0.9979036141221563
"country_residence:Tanzania, United Republic of",7.129576715679026e-05,0.714,0.17744234409080145,0.9841311978204744
country_residence:Spain,0.0005389555855108245,0.071,-0.9945371984416784,0.10438276158340225
country_residence:Norway,0.00039757654619703396,0.141,0.19073808848450569,0.9816409636935883
country_residence:Jersey,0.0002791607566054586,0.268,0.9996512801795229,0.02640678010361897
country_residence:Belgium,0.0006488981564746212,0.039,-0.19530505777954038,0.9807425423655948
country_residence:United Kingdom,0.033904195272247105,0.001,-0.8341521753072384,0.5515343583406225
country_residence:Portugal,0.0004709215261208727,0.085,0.9708697154568995,-0.2396080040579593
deodorant_use:I use deodorant,0.0010944565246044093,0.01,-0.1862575125867584,-0.9825009613252261
deodorant_use:I use an antiperspirant,0.0022310754854873442,0.001,0.05425825967984329,-0.9985269356689958
"deodorant_use:Not sure, but I use some form of deodorant/antiperspirant",5.53396481153889e-05,0.773,-0.7933819149010214,-0.6087241880424898
deodorant_use:I do not use deodorant or an antiperspirant,0.004393914119817755,0.001,-0.07937131837603931,0.99684512027659
deodorant_use:Not provided,0.00330917854857967,0.001,0.6921465439375764,0.7217569963050368
"depression_bipolar_schizophrenia:Diagnosed by a medical professional (doctor, physician assistant)",0.0001148383414674595,0.563,0.26677009356210046,-0.9637601969270511
depression_bipolar_schizophrenia:Diagnosed by an alternative medicine practitioner,0.00033714956879658564,0.203,0.12091316461489687,-0.992663088173833
depression_bipolar_schizophrenia:I do not have this condition,0.0026324255061701417,0.001,-0.41081860485116534,0.9117171019061462
depression_bipolar_schizophrenia:Self-diagnosed,0.0001359471323266139,0.526,-0.37297158706819783,-0.9278427642870476
depression_bipolar_schizophrenia:Not provided,0.001610646330755685,0.001,0.4849986298879022,-0.8745149106829784
"diabetes:Diagnosed by a medical professional (doctor, physician assistant)",0.0012843211978336847,0.005,0.48429645356238527,-0.8749039633393463
diabetes:Diagnosed by an alternative medicine practitioner,0.0003175422948499117,0.244,-0.9983950906304764,0.05663252603374701
diabetes:I do not have this condition,0.002819690999971223,0.001,-0.9865259197794609,0.16360504149716404
diabetes:Self-diagnosed,0.00010919237305186733,0.601,-0.9994793313990289,0.032265556033493036
diabetes:Not provided,0.00304356229120101,0.001,0.9833364818709529,0.18179483882018518
diabetes_type:Type II diabetes,0.0013305164154326814,0.001,0.516975204515741,-0.856000372614351
diabetes_type:Type I diabetes,0.0002935144082002423,0.256,0.14629051345092453,-0.9892416720267423
diabetes_type:Not provided,0.0015314109014391807,0.001,-0.43537231883226285,0.9002504895831039
diabetes_type:Gestational diabetes,6.625589054644111e-06,0.964,-0.5370503622227366,-0.8435501813386252
diet_type:Vegan,0.00081967381297262,0.016,-0.1739180367166832,0.9847601314556832
diet_type:Omnivore,0.007833839541166576,0.001,-0.47856966453167543,-0.8780495864073051
diet_type:Vegetarian but eat seafood,0.0010155644557704097,0.01,-0.1606037409405941,0.9870189655705135
diet_type:Omnivore but do not eat red meat,0.0002814602960398892,0.259,0.9681919053675384,0.2502087815820529
diet_type:Vegetarian,0.008007299840127357,0.001,0.4852247181164157,0.8743894858293099
diet_type:Not provided,0.0021929215212943974,0.001,0.8459994228560428,0.533183811201393
dominant_hand:I am left handed,0.00017246893982751123,0.433,-0.8851497246291453,0.4653063130766102
dominant_hand:Not provided,0.006186025045554137,0.001,0.8491519774536882,0.528148576810059
dominant_hand:I am right handed,0.0024690093561689475,0.001,-0.8110537168151016,-0.584971681742295
dominant_hand:I am ambidextrous,0.001549816850639843,0.003,0.9773595768812684,0.21158510693918867
drinking_water_source:Not sure,0.0009059415783212798,0.011,-0.36769357991168333,0.9299470045608677
drinking_water_source:Filtered,0.003067953094124104,0.001,0.35428950101579654,-0.9351357919949261
drinking_water_source:Bottled,0.004199380771398869,0.001,0.8651926560656038,-0.5014395954550716
drinking_water_source:Well,0.0017262734717082664,0.001,-0.4445254938554147,-0.8957662001396345
drinking_water_source:City,0.008001644669776271,0.001,-0.5153443125831288,0.8569832200738953
drinking_water_source:Not provided,0.0009560492594951029,0.011,0.7926745369658692,0.6096450429930066
drinks_per_session:I don't drink,0.0021301961798111608,0.001,0.9187677704265007,0.39479840935028726
drinks_per_session:2-3,9.799653562309894e-05,0.644,-0.7135552025783649,0.7005990100430836
drinks_per_session:1-2,0.0004650238743585332,0.1,-0.8961262927976006,-0.44379912951337464
drinks_per_session:3-4,4.9326770723207106e-05,0.789,-0.7479330258938295,-0.6637742001443717
drinks_per_session:4+,0.00029345427931535997,0.239,0.9270798934270977,0.3748638035382997
drinks_per_session:Not provided,0.00014238407526234395,0.502,0.8385388748314507,-0.5448417709724581
drinks_per_session:1,0.000976236048270259,0.009,-0.9976710797984213,0.0682086250693575
economic_region:Southwest,0.0031626371975979296,0.001,0.605606638110245,-0.7957641609652992
economic_region:Far West,0.005105200269385192,0.001,0.7848886955381948,-0.6196367771657448
economic_region:Rocky Mountain,0.0005757303828418813,0.068,0.2800834538663955,-0.9599756553529213
economic_region:Mideast,0.002830508965426661,0.001,0.9286689199391538,-0.37090974257768616
economic_region:New England,0.006088981274467132,0.001,0.8701736676506946,-0.49274515535653746
economic_region:Plains,0.0018470994191004866,0.002,0.6883182981926775,-0.7254087953513771
economic_region:Great Lakes,0.0035489237852670964,0.001,0.8740587580716106,-0.4858202213147512
economic_region:Not provided,0.07397685029064918,0.001,-0.7967829039450125,0.6042656733432349
economic_region:Southeast,0.008150551963739065,0.001,0.782953787613291,-0.6220798714489977
"epilepsy_or_seizure_disorder:Diagnosed by a medical professional (doctor, physician assistant)",0.0006886316373025471,0.049,0.9933823319785119,-0.11485444054512389
epilepsy_or_seizure_disorder:Diagnosed by an alternative medicine practitioner,0.0003209693146066717,0.221,-0.9851534199691119,-0.17167626255007556
epilepsy_or_seizure_disorder:I do not have this condition,0.01505478615199832,0.001,-0.6051736613919322,0.7960934866945483
epilepsy_or_seizure_disorder:Self-diagnosed,0.0003856634338007265,0.157,0.4808740260608094,0.8767896960275411
epilepsy_or_seizure_disorder:Not provided,0.01469338111037627,0.001,0.5808560892092233,-0.8140062675609855
exercise_frequency:Never,0.0025213471615921743,0.001,0.9997432111688511,-0.02266079702468257
exercise_frequency:Not provided,0.009894395918859593,0.001,0.804450287839515,0.59401997811094
exercise_frequency:Rarely (a few times/month),0.004244860764735502,0.001,0.7932426790943375,-0.6089056183541404
exercise_frequency:Daily,0.006427527930871175,0.001,-0.7677642775559851,0.640732404447392
exercise_frequency:Regularly (3-5 times/week),0.003975010210766562,0.001,-0.9868467703782894,-0.16165844176516075
exercise_frequency:Occasionally (1-2 times/week),0.0028877234140832894,0.001,0.826849300884662,-0.5624235358042422
exercise_location:Indoors,0.005358747714329732,0.001,0.7793992311162241,-0.6265276039692416
exercise_location:Both,0.0023323724606548624,0.001,-0.9990994402794021,-0.04243004163779903
exercise_location:Depends on the season,0.005363866554823898,0.001,0.7029740519124432,-0.7112154964128674
exercise_location:Outdoors,0.009083624147369811,0.001,-0.8258883682337869,0.5638336662670409
exercise_location:None of the above,0.001761515315432062,0.001,0.9215844460581966,0.3881779344367825
exercise_location:Not provided,0.005951814745857773,0.001,0.8454962478655167,0.5339813618894698
fed_as_infant:Primarily breast milk,0.011829548524109302,0.001,-0.3573365313460941,0.9339756974169843
fed_as_infant:Not sure,0.00020500686074054615,0.374,-0.833424743415957,0.5526329677661714
fed_as_infant:A mixture of breast milk and formula,0.0001448109090518185,0.535,0.7596439045060049,0.6503392486593991
fed_as_infant:Primarily infant formula,0.0011115059320901117,0.009,-0.8704024167632146,-0.4923409721856948
fed_as_infant:Not provided,0.013905253394077234,0.001,0.5439723600856265,-0.8391031351764058
fermented_plant_frequency:Never,0.005912880520572795,0.001,-0.14199492163847727,0.9898673861830597
fermented_plant_frequency:Not provided,0.014106997084553922,0.001,0.5928207119687549,-0.8053344668278261
fermented_plant_frequency:Daily,0.003542053518595978,0.001,-0.9983310091349593,0.05775115756046665
fermented_plant_frequency:Rarely (less than once/week),0.0007396735983546507,0.034,-0.7612874643258687,0.6484145253310486
fermented_plant_frequency:Occasionally (1-2 times/week),5.930599227353396e-05,0.76,-0.6148740491265927,0.7886253253038912
fermented_plant_frequency:Regularly (3-5 times/week),0.0005095855624419751,0.091,-0.8646632069756802,0.5023520065676379
flossing_frequency:Never,0.012803512667853156,0.001,0.5994891733964504,0.8003828652466523
flossing_frequency:Not provided,0.004012656220656176,0.001,0.731978678355908,0.6813275382900195
flossing_frequency:Rarely (a few times/month),0.0004101456071747165,0.151,0.8686989715831468,0.4953403847561625
flossing_frequency:Daily,0.007163088945267078,0.001,-0.8395024534937167,-0.54335589679144
flossing_frequency:Regularly (3-5 times/week),0.0014933539149318774,0.002,-0.22625153400318285,-0.9740689109920337
flossing_frequency:Occasionally (1-2 times/week),0.00011502300271609443,0.591,0.5368908117784829,-0.8436517387096656
flu_vaccine_date:I have not gotten the flu vaccine in the past year.,0.00552639934771243,0.001,-0.9712847720807806,0.2379199267064153
flu_vaccine_date:Week,0.0005207555084171181,0.087,0.7714559129289644,-0.6362827786502934
flu_vaccine_date:Year,0.0026920979824526935,0.001,0.8970209619102756,0.4419880019791984
flu_vaccine_date:Month,0.000780162686940275,0.032,0.4849679431306773,-0.8745319285970068
flu_vaccine_date:6 months,0.0017436643198950484,0.001,0.5811989743026177,-0.8137614836483632
flu_vaccine_date:Not provided,0.0008302758433336088,0.02,0.9581732481547103,0.28618879523952706
frozen_dessert_frequency:Never,0.005919186129590473,0.001,-0.9163279515422857,0.40042862687664904
frozen_dessert_frequency:Not provided,0.014582855042176823,0.001,0.5628887300951427,-0.8265326838860503
frozen_dessert_frequency:Daily,0.0006201865586863098,0.052,0.9917751045088595,0.12799274228033747
frozen_dessert_frequency:Rarely (less than once/week),0.005881308710189081,0.001,-0.6004743186216547,0.7996440412307589
frozen_dessert_frequency:Occasionally (1-2 times/week),0.0017677502143608945,0.001,0.9971524711178344,0.07541186474021531
frozen_dessert_frequency:Regularly (3-5 times/week),0.0013006664925973512,0.003,0.8291618056249348,0.5590086762231851
fruit_frequency:Never,0.0018269769661913994,0.001,0.12371392929061324,-0.9923179247093529
fruit_frequency:Not provided,0.013189039499014687,0.001,0.5789301289936006,-0.8153771555197343
fruit_frequency:Rarely (less than once/week),0.001564609769006586,0.003,0.8937581513392847,-0.4485491800400311
fruit_frequency:Daily,0.019176519009008988,0.001,-0.7532275138030924,0.6577600721007716
fruit_frequency:Regularly (3-5 times/week),0.002085198274971558,0.001,-0.23650571338854967,0.9716300981003899
fruit_frequency:Occasionally (1-2 times/week),0.00021929265100081763,0.334,0.9528008514375779,0.30359601034899425
"fungal_overgrowth:Diagnosed by a medical professional (doctor, physician assistant)",0.0004345640193828441,0.129,0.32177115874498907,-0.9468174699486206
fungal_overgrowth:Diagnosed by an alternative medicine practitioner,0.0011289407845034235,0.006,-0.8646134876920772,-0.5024375751284351
fungal_overgrowth:I do not have this condition,0.013904082933999353,0.001,-0.4275556614587487,0.9039890244657686
fungal_overgrowth:Self-diagnosed,0.0005074895218132307,0.09,-0.9964681948602669,-0.08397104639053408
fungal_overgrowth:Not provided,0.014650725678845072,0.001,0.5974456910788293,-0.8019093753107892
gluten:No,0.01029401080044718,0.001,0.11336283414135731,0.993553656243808
"gluten:I was diagnosed with gluten allergy (anti-gluten IgG), but not celiac disease",0.002446747261679113,0.001,0.11710885840505958,-0.9931190841399956
gluten:I was diagnosed with celiac disease,9.830204698446227e-05,0.63,0.9026359574518287,-0.43040484234615717
gluten:I do not eat gluten because it makes me feel bad,0.004842738903053033,0.001,-0.7983301119969116,-0.6022200862467129
gluten:Not provided,0.006415957101237772,0.001,0.4291935139641445,-0.9032125594626714
high_fat_red_meat_frequency:Never,0.010178444056288318,0.001,0.042138809302674024,0.9991117658953641
high_fat_red_meat_frequency:Not provided,0.013341341506959613,0.001,0.5614599353702451,-0.8275039220294004
high_fat_red_meat_frequency:Daily,0.0008604885266204677,0.022,0.363351009261117,-0.9316523193063643
high_fat_red_meat_frequency:Rarely (less than once/week),0.004642280653536087,0.001,-0.7096431354707152,0.7045612963250907
high_fat_red_meat_frequency:Occasionally (1-2 times/week),0.0003671470894447673,0.181,-0.9967190661978216,-0.08093888483135174
high_fat_red_meat_frequency:Regularly (3-5 times/week),0.002072998472212373,0.001,-0.3299595658020861,-0.9439950661606761
homecooked_meals_frequency:Never,0.0016599516951503058,0.002,0.9500819605774133,0.3120004297839642
homecooked_meals_frequency:Not provided,0.014894511904635813,0.001,0.5780057193465126,-0.8160327128263428
homecooked_meals_frequency:Rarely (less than once/week),0.0018604678889464607,0.001,0.9918321348741347,0.12755005382600293
homecooked_meals_frequency:Daily,0.027332544196827267,0.001,-0.88463718698196,0.4662800096601233
homecooked_meals_frequency:Occasionally (1-2 times/week),0.003488337297341735,0.001,0.936828472799427,-0.34978909724617396
homecooked_meals_frequency:Regularly (3-5 times/week),0.0022315564711650254,0.001,0.8434620847747778,0.5371887112992841
"ibd:Diagnosed by a medical professional (doctor, physician assistant)",0.007152534268299186,0.001,0.952189032584207,0.3055094863115579
ibd:Diagnosed by an alternative medicine practitioner,0.0002417774206560942,0.33,-0.8267233863374064,-0.5626086050557808
ibd:I do not have this condition,0.00945575811145714,0.001,-0.9811498864449275,-0.1932482867430027
ibd:Self-diagnosed,5.7269070744880796e-05,0.756,0.30064583837047243,-0.953735854348842
ibd:Not provided,0.004497236079859418,0.001,0.9875701014285441,0.1571791804419889
ibd_diagnosis:Crohn's disease,0.00013787049782049542,0.524,0.9770518565442919,0.2130015718800033
ibd_diagnosis:Ulcerative colitis,0.0023651161422444484,0.001,0.8908137642347814,0.4543686140677625
ibd_diagnosis:Not provided,0.0021600240722741445,0.001,-0.906915001713128,-0.421313635748568
ibd_diagnosis_refined:Ileal Crohn's Disease,0.0007145153359203972,0.033,0.9881817756849006,0.15328658846825777
ibd_diagnosis_refined:Ileal and Colonic Crohn's Disease,0.00038975029344514884,0.143,-0.47617825016977816,0.8793487783952669
ibd_diagnosis_refined:Colonic Crohn's Disease,0.00037073905823641957,0.163,-0.8390728900518551,-0.5440190117817828
ibd_diagnosis_refined:Microcolitis,0.0006586109930802485,0.034,0.937137114486468,0.34896135696087716
ibd_diagnosis_refined:Ulcerative colitis,0.0023651161422444484,0.001,0.8908137642347814,0.4543686140677625
ibd_diagnosis_refined:Not provided,0.002564578011241339,0.001,-0.9102081095915283,-0.4141511767867096
"ibs:Diagnosed by a medical professional (doctor, physician assistant)",0.001448169125221564,0.003,0.2150410609349789,-0.9766050082361643
ibs:Diagnosed by an alternative medicine practitioner,0.00010516615978947308,0.614,-0.9446396763783015,0.3281095576357046
ibs:I do not have this condition,0.01723384437471072,0.001,-0.4615548742126248,0.8871116604411015
ibs:Self-diagnosed,0.0006479176842754657,0.051,-0.9672769355600298,-0.25372293931294043
ibs:Not provided,0.015041121028255297,0.001,0.5900966587977695,-0.8073326038725978
"kidney_disease:Diagnosed by a medical professional (doctor, physician assistant)",0.00047315748478532493,0.102,0.5830306187210296,-0.8124501816319407
kidney_disease:Diagnosed by an alternative medicine practitioner,9.495271162355338e-06,0.959,0.39017581413829416,-0.9207403727769948
kidney_disease:I do not have this condition,0.016018386284301245,0.001,-0.5811761468456211,0.8137777868298427
kidney_disease:Self-diagnosed,7.71301578842257e-05,0.7,-0.8079434892188097,0.5892599750780084
kidney_disease:Not provided,0.015232512002556521,0.001,0.582480993001075,-0.8128443226058
last_move:I have lived in my current state of residence for more than a year.,0.01420545147723166,0.001,-0.7329401547796646,0.6802931202882779
last_move:Within the past 6 months,0.0007052395067883192,0.035,0.982384536008084,0.186870606067893
last_move:Within the past month,0.00043629490261370843,0.122,0.9748624387369561,0.22280759758103905
last_move:Within the past 3 months,0.00044751874639566234,0.117,0.8922448928455102,0.4515518255871676
last_move:Within the past year,0.001775398757503658,0.001,0.6558856023972774,0.7548603026838546
last_move:Not provided,0.014447398384572553,0.001,0.5497467639225178,-0.8353313687134704
last_travel:1 year,0.0005558329732645254,0.081,-0.953716833424825,-0.3007061716063112
last_travel:I have not been outside of my country of residence in the past year.,0.020784312574072514,0.001,0.8828181007405606,-0.4697150210551388
last_travel:Month,0.009365708542800479,0.001,-0.7429520873804873,0.6693446017239375
last_travel:6 months,0.0021696408773047063,0.001,-0.9573047649565491,0.28908058909495515
last_travel:Not provided,0.0007577896813766694,0.026,0.9075631490635151,0.4199156230267169
last_travel:3 months,0.005676372864682004,0.001,-0.9173792991126122,0.39801409718708786
level_of_education:Graduate or Professional degree,0.013048192114304646,0.001,-0.8842736549196086,0.46696906023324164
level_of_education:Associate's degree,0.00011261198048489108,0.547,-0.22447389954986446,-0.9744801016033511
level_of_education:Some graduate school or professional,0.0007516321128327648,0.032,-0.6864349368079665,-0.7271912248710397
level_of_education:Did not complete high school,0.008902542859775292,0.001,0.8102672402593477,0.5860605765298501
level_of_education:High School or GED equilivant,0.0015797137550447333,0.001,0.3722913714671294,0.9281159058712031
level_of_education:Bachelor's degree,0.0008149228905133073,0.023,-0.9805387945911122,0.19632542449160473
level_of_education:Some college or technical school,0.000327068605736801,0.22,0.9822843373782543,-0.18739658625856562
level_of_education:Not provided,0.014001303339848533,0.001,0.7828293747225227,-0.6222364261850508
"liver_disease:Diagnosed by a medical professional (doctor, physician assistant)",0.0001792006948727149,0.441,0.6545857990663225,0.7559877192525709
liver_disease:Diagnosed by an alternative medicine practitioner,0.0001198148115944107,0.568,-0.4754174082999177,-0.8797603582143205
liver_disease:I do not have this condition,0.014821453866328917,0.001,-0.6005193070183433,0.7996102562487608
liver_disease:Self-diagnosed,8.89861261352435e-05,0.67,0.9630957798060161,0.26915891016245747
liver_disease:Not provided,0.015204513513437653,0.001,0.5816571860253181,-0.8134340280226224
livingwith:Not sure,0.0020664683276655784,0.001,0.7350643151009096,-0.6779973839663621
livingwith:true,0.006287423694521344,0.001,-0.47318094058157667,0.8809652646219001
livingwith:false,0.0036431011360553134,0.001,0.30570274253684193,-0.952127004766409
livingwith:Not provided,0.0001927095483934802,0.401,0.9240373716394887,0.3823021525097465
"lung_disease:Diagnosed by a medical professional (doctor, physician assistant)",0.0002914532273562885,0.26,0.9395605359667701,0.34238282558246974
lung_disease:Diagnosed by an alternative medicine practitioner,9.968438139662461e-05,0.628,-0.9601071236720566,0.27963245711857204
lung_disease:I do not have this condition,0.003004906050670248,0.001,-0.9975905729167573,-0.06937614018966462
lung_disease:Self-diagnosed,0.00030460993879193797,0.216,-0.3739902646086904,0.9274326293472328
lung_disease:Not provided,0.004309197484720381,0.001,0.997534902559818,-0.07017206121366419
meat_eggs_frequency:Never,0.0034690740906303686,0.001,0.37610879259689434,0.9265755102156038
meat_eggs_frequency:Not provided,0.014282308722001822,0.001,0.5721925184357158,-0.8201193339058609
meat_eggs_frequency:Rarely (less than once/week),0.0012494762543975363,0.004,0.609396107835814,0.7928659305043703
meat_eggs_frequency:Daily,0.0011481175144033948,0.006,-0.9099973455559163,-0.41461407487106133
meat_eggs_frequency:Regularly (3-5 times/week),0.004421178161631858,0.001,-0.7694078457503718,0.6387578311831269
meat_eggs_frequency:Occasionally (1-2 times/week),0.0032655633559528605,0.001,-0.19121941757367947,0.9815473164054714
"migraine:Diagnosed by a medical professional (doctor, physician assistant)",0.0005579844930342764,0.066,-0.29468813402243177,-0.955593482431927
migraine:Diagnosed by an alternative medicine practitioner,6.123484639681245e-05,0.737,0.8535507935752186,0.5210096379023278
migraine:I do not have this condition,0.0010158478877219767,0.01,-0.4968480241068574,0.8678375659886542
migraine:Self-diagnosed,0.0008744773446861761,0.015,-0.7834193509442285,0.6214934597935233
migraine:Not provided,0.003669029347223289,0.001,0.8260861537881555,-0.5635438461375405
milk_cheese_frequency:Never,8.819797148608161e-05,0.671,0.4697167622647607,-0.8828171743047992
milk_cheese_frequency:Not provided,0.013741462797190582,0.001,0.5878253270119741,-0.8089878768703926
milk_cheese_frequency:Rarely (less than once/week),0.00040236548496521996,0.159,0.8267286365213131,-0.5626008901127072
milk_cheese_frequency:Daily,0.011576117894160631,0.001,-0.6051144301459603,0.7961385095755196
milk_cheese_frequency:Regularly (3-5 times/week),0.001564447423873255,0.001,-0.6251888160002033,0.7804735385317454
milk_cheese_frequency:Occasionally (1-2 times/week),0.0006742196361018935,0.041,-0.6070149953584765,0.7946903770714407
milk_substitute_frequency:Never,0.004607836176027916,0.001,-0.6741694455619182,0.738576711432696
milk_substitute_frequency:Not provided,0.013707475773673612,0.001,0.5625241326238708,-0.8267808658984325
milk_substitute_frequency:Rarely (less than once/week),0.0005409971919599173,0.074,-0.24928450213171127,0.9684302953733659
milk_substitute_frequency:Daily,0.0021644721720158913,0.001,-0.6723031455536225,0.7402759488722463
milk_substitute_frequency:Regularly (3-5 times/week),1.3728424440816355e-05,0.942,-0.4930043091509442,0.8700268680670731
milk_substitute_frequency:Occasionally (1-2 times/week),0.00025833362227858816,0.282,0.7292021555961752,0.6842983386461577
olive_oil:Never,0.000754265036833973,0.022,0.8150694976728755,0.5793631969354684
olive_oil:Not provided,0.014662405019560258,0.001,0.5799414364309581,-0.8146581677675593
olive_oil:Rarely (less than once/week),0.000834302974710107,0.02,0.9354999387882595,0.35332685225887206
olive_oil:Daily,0.011615678416341294,0.001,-0.7880369193875997,0.6156279831863573
olive_oil:Regularly (3-5 times/week),0.0024330241631738457,0.001,-0.8001757772398533,0.599765558796599
olive_oil:Occasionally (1-2 times/week),0.00027068207375220173,0.29,0.9661189657941958,0.2580971598695988
one_liter_of_water_a_day_frequency:Never,0.00222793839661774,0.001,0.32463984376150196,0.9458377090402494
one_liter_of_water_a_day_frequency:Not provided,0.014253544486262282,0.001,0.6112379138751617,-0.7914469108168535
one_liter_of_water_a_day_frequency:Rarely (less than once/week),0.0014545036098713086,0.001,-0.7806231041140992,0.6250020554552346
one_liter_of_water_a_day_frequency:Daily,0.0058338315041050305,0.001,-0.7252538331559061,0.6884815738221793
one_liter_of_water_a_day_frequency:Regularly (3-5 times/week),0.00018593496873636856,0.417,0.41185553027234767,0.9112491548331243
one_liter_of_water_a_day_frequency:Occasionally (1-2 times/week),0.0003595654866740663,0.186,-0.9445739916572661,0.32829860536508404
"pku:Diagnosed by a medical professional (doctor, physician assistant)",8.271378200725465e-05,0.65,-0.24386566310137975,0.9698090215914287
pku:Diagnosed by an alternative medicine practitioner,9.047400172909162e-05,0.659,-0.8043029831235835,0.5942194134648451
pku:I do not have this condition,0.001139243369799548,0.007,-0.8311772543887385,-0.5560075285342803
pku:Self-diagnosed,7.12898555489738e-05,0.73,-0.0014846670253959408,0.9999988978813046
pku:Not provided,0.0011389075765110045,0.006,0.866643715444862,0.4989275202671475
pool_frequency:Never,0.0016499841787627283,0.001,-0.06094557873219475,-0.9981410904441305
pool_frequency:Not provided,0.00214199093480392,0.001,0.7240372841213285,0.6897608362339881
pool_frequency:Daily,0.00015496597627069777,0.472,-0.7303876796673358,-0.6830328230694082
pool_frequency:Occasionally (1-2 times/week),0.0015387672332857114,0.004,-0.27614960971360997,0.9611146617625915
pool_frequency:Regularly (3-5 times/week),9.998512527997629e-05,0.625,-0.757663341692967,-0.6526455857926615
pool_frequency:Rarely (a few times/month),0.00018481354342238208,0.388,0.1809255309933637,0.9834967982839443
poultry_frequency:Never,0.009193897002340568,0.001,-0.01860158288899782,0.9998269755882884
poultry_frequency:Not provided,0.01444850256431642,0.001,0.5679268673145694,-0.8230790201324897
poultry_frequency:Rarely (less than once/week),0.004067091231728219,0.001,-0.49445134509707606,0.869205307928853
poultry_frequency:Daily,0.0014183587056642284,0.002,0.4232683215573859,-0.9060043752466062
poultry_frequency:Regularly (3-5 times/week),0.002554985567102394,0.001,0.9560961349956827,-0.29305320446348493
poultry_frequency:Occasionally (1-2 times/week),0.011154694507434998,0.001,-0.9451452748143354,0.32665028623305115
pregnant:Not sure,0.0002451339474485801,0.28,0.5051737872687928,-0.8630176386705571
pregnant:Not provided,0.005336572370361356,0.001,0.9040534512274118,-0.4274194161755005
pregnant:true,0.00032633898774368786,0.228,-0.02922479763524712,0.9995728643791701
pregnant:false,0.00526940713618067,0.001,-0.9125186079083664,0.4090351943549319
prepared_meals_frequency:Never,0.0008731453194835095,0.02,-0.2553458193339106,0.9668497879964053
prepared_meals_frequency:Not provided,0.01455765701016062,0.001,0.5769739731321704,-0.8167625323973166
prepared_meals_frequency:Rarely (less than once/week),0.019088290772813432,0.001,-0.797650111925989,0.6031204680198287
prepared_meals_frequency:Daily,0.0006697504733692233,0.036,0.9952954445601506,0.09688641823192794
prepared_meals_frequency:Regularly (3-5 times/week),0.0012727794246064552,0.005,0.981831567919193,-0.18975450518324682
prepared_meals_frequency:Occasionally (1-2 times/week),0.0002091517179662047,0.372,0.8311330182607848,0.5560736515577033
probiotic_frequency:Never,0.01165081830342914,0.001,-0.3425153021601441,0.9395122499393742
probiotic_frequency:Not provided,0.013691624775561193,0.001,0.5347087396632048,-0.8450364274561109
probiotic_frequency:Occasionally (1-2 times/week),0.00013740163287173857,0.517,0.9001398942239349,0.4356009306997901
probiotic_frequency:Daily,0.00033967050421681016,0.212,-0.4141276739293872,-0.910218803192856
probiotic_frequency:Regularly (3-5 times/week),0.0005879185683898196,0.063,-0.9995945438396783,-0.028473635629216933
probiotic_frequency:Rarely (a few times/month),0.00046684399505373726,0.114,-0.8122502148332753,0.5833091705976325
race:Caucasian,0.037222686375708344,0.001,-0.9180668953998542,-0.3964254981341051
race:Hispanic,0.0011085797956673434,0.006,0.9965392973316809,-0.08312297440346927
race:African American,0.001743823665578626,0.001,0.9828026844101105,0.18465883005229025
race:Not provided,0.0001977868165496765,0.373,0.9333632528037287,0.35893319478092695
race:Asian or Pacific Islander,0.043567972261543374,0.001,0.8947913812763202,0.44648447228723986
race:Other,0.0036989512449565856,0.001,0.8889798110637088,0.4579463893526541
ready_to_eat_meals_frequency:Never,0.018213072607620555,0.001,-0.9582693734508226,0.2858667660050181
ready_to_eat_meals_frequency:Not provided,0.014502390889511739,0.001,0.5730832653753835,-0.8194971451729944
ready_to_eat_meals_frequency:Daily,0.0008205631453183048,0.017,0.9812518705837305,-0.19272977578965295
ready_to_eat_meals_frequency:Rarely (less than once/week),0.002111923830308974,0.001,0.09217225095447404,0.9957430773819045
ready_to_eat_meals_frequency:Occasionally (1-2 times/week),0.004998195518598068,0.001,0.863272939281123,0.5047373894461659
ready_to_eat_meals_frequency:Regularly (3-5 times/week),0.0035629818199594985,0.001,0.9829946232937201,-0.18363433931494794
red_meat_frequency:Never,0.007812369727435952,0.001,0.10814866161564604,0.9941347328158012
red_meat_frequency:Not provided,0.014207639521963265,0.001,0.5703394838937876,-0.821409077811883
red_meat_frequency:Daily,0.0013686512526490462,0.005,-0.3151867276995753,-0.9490296763969153
red_meat_frequency:Rarely (less than once/week),0.0013239340242884611,0.004,-0.3286486509461183,0.9444522561947197
red_meat_frequency:Occasionally (1-2 times/week),0.0026126456586350703,0.001,-0.7445126451902829,0.6676083591086679
red_meat_frequency:Regularly (3-5 times/week),0.0013284069083930776,0.002,-0.9256500488979073,-0.3783807433991612
roommates:More than three,0.003498851470274636,0.001,0.7440838255502009,0.6680862672997988
roommates:Two,0.0012685283987406394,0.003,0.7876734525828608,0.6160929573499406
roommates:One,0.00042527451777196203,0.129,-0.4123218099603601,0.9110382675996725
roommates:Three,0.0032092205489351257,0.001,0.8499772078701405,0.526819462530837
roommates:None,0.010016929868155349,0.001,-0.7763973317162322,0.6302437491192713
roommates:Not provided,0.01500500172972366,0.001,0.4521166954233675,-0.8919587959762794
salted_snacks_frequency:Never,0.004674058806235309,0.001,-0.9890166625672763,0.14780406342278452
salted_snacks_frequency:Not provided,0.014278002018379417,0.001,0.5715532867642935,-0.8205649519623254
salted_snacks_frequency:Rarely (less than once/week),0.01346675264906817,0.001,-0.9447913744429797,0.3276724870631426
salted_snacks_frequency:Daily,0.0038722405372339217,0.001,0.9162489779712039,0.40060929890196567
salted_snacks_frequency:Regularly (3-5 times/week),0.005636218300597428,0.001,0.98208329068039,0.18844736709855206
salted_snacks_frequency:Occasionally (1-2 times/week),0.002045071125290567,0.001,0.25721258422016074,0.9663548450330173
seafood_frequency:Never,0.0075416456716285805,0.001,0.7078436856073861,0.7063691080063965
seafood_frequency:Not provided,0.014742727528298492,0.001,0.5778105309700369,-0.8161709320357619
seafood_frequency:Daily,0.00029070885568777214,0.265,-0.7330874285681347,-0.680134414711798
seafood_frequency:Rarely (less than once/week),0.0015242690576991002,0.001,0.8475420919353254,0.5307281812735146
seafood_frequency:Occasionally (1-2 times/week),0.008335687356229034,0.001,-0.9331582935296776,0.35946571354828816
seafood_frequency:Regularly (3-5 times/week),0.007227965560997455,0.001,-0.9665934264725379,0.25631454874836584
sex:female,0.015504679863611108,0.001,-0.5033946474641678,-0.8640566120946163
sex:Not provided,0.00024414609528736496,0.308,0.8228408264816741,-0.5682719193088424
sex:male,0.01586200087663701,0.001,0.463693882747782,0.8859954757798069
sex:other,4.3493959436803895e-05,0.795,-0.7467509302593309,0.6651037875075018
"sibo:Diagnosed by a medical professional (doctor, physician assistant)",0.001958977093889707,0.001,0.5700299822375423,-0.8216238916622781
sibo:Diagnosed by an alternative medicine practitioner,0.0004929282559573272,0.109,-0.27475310220106536,-0.9615148115504465
sibo:I do not have this condition,0.018427701985491873,0.001,-0.5150593029053625,0.8571545452779458
sibo:Self-diagnosed,0.0008293662789156233,0.02,-0.3403953947312706,-0.9402823912239039
sibo:Not provided,0.014121190265903957,0.001,0.581980875273087,-0.8132024722148671
"skin_condition:Diagnosed by a medical professional (doctor, physician assistant)",0.0003559046050985956,0.184,-0.9174377504690153,-0.3978793460514793
skin_condition:Diagnosed by an alternative medicine practitioner,0.0003486326733667981,0.184,0.9307403892767373,0.36568063630576253
skin_condition:I do not have this condition,0.0006056480605787277,0.054,-0.734586244059691,0.6785153277843294
skin_condition:Self-diagnosed,0.0006853786919611265,0.047,-0.6732923659441059,0.7393763520436587
skin_condition:Not provided,0.0040652377074121265,0.001,0.9027489790733138,-0.43016773563586763
sleep_duration:7-8 hours,0.0056165557085944865,0.001,-0.8863711047178834,-0.46297544721205136
sleep_duration:8 or more hours,0.006678151512953951,0.001,0.810256983766416,0.5860747565436939
sleep_duration:Less than 5 hours,0.000359191085741632,0.186,0.8122970097486929,-0.5832440037868644
sleep_duration:5-6 hours,0.0008828064730829994,0.012,0.9928546878199237,-0.11932966468570076
sleep_duration:Not provided,0.00151028787904315,0.001,0.8043179171229494,0.5941991990864685
sleep_duration:6-7 hours,0.00029134613596293156,0.252,-0.958508134081776,-0.2850651800888214
smoking_frequency:Never,0.0028323475760554167,0.001,-0.9592509923635026,-0.28255536386633223
smoking_frequency:Not provided,0.0025634156853654444,0.001,0.7404186005744466,0.6721460376461189
smoking_frequency:Rarely (a few times/month),0.00011252228251667072,0.589,0.9944626299056587,-0.10509080702478697
smoking_frequency:Daily,0.0008056541375827233,0.027,0.7740840925963929,-0.6330827888903781
smoking_frequency:Regularly (3-5 times/week),0.000694090800522113,0.044,0.9789565608029116,-0.20406874346880136
smoking_frequency:Occasionally (1-2 times/week),0.0010482222045988347,0.006,0.785679010464655,0.6186343770881797
sugar_sweetened_drink_frequency:Never,0.01859301513540085,0.001,-0.9224183117948842,0.3861922553152451
sugar_sweetened_drink_frequency:Not provided,0.01398484490680225,0.001,0.5732033990786329,-0.8194131212549025
sugar_sweetened_drink_frequency:Daily,0.0018159485296902725,0.001,0.9890325296492704,0.14769785135730681
sugar_sweetened_drink_frequency:Rarely (less than once/week),0.002977993912915476,0.001,0.5771097854447562,0.8166665755030674
sugar_sweetened_drink_frequency:Occasionally (1-2 times/week),0.003729149163466447,0.001,0.9680813747032233,0.25063609467256975
sugar_sweetened_drink_frequency:Regularly (3-5 times/week),0.0028475809949742473,0.001,0.9999041023125086,0.01384868869662853
sugary_sweets_frequency:Never,0.0007616701104466439,0.028,-0.8896337854725649,-0.45667464101453487
sugary_sweets_frequency:Daily,0.0005729478485681774,0.067,-0.5303022876683084,0.847808636246269
sugary_sweets_frequency:Rarely (less than once/week),0.0016398237617908536,0.001,-0.9743695780045092,0.22495316281242833
sugary_sweets_frequency:Not provided,0.013892039412350114,0.001,0.56883416672734,-0.8224522422387897
sugary_sweets_frequency:Regularly (3-5 times/week),0.002430919686740106,0.001,-0.24393865631884973,0.9697906639854572
sugary_sweets_frequency:Occasionally (1-2 times/week),0.0032574433738477137,0.001,-0.047129356929870796,0.9988887944688222
teethbrushing_frequency:Never,0.009046468030683956,0.001,0.7257783918734093,0.6879285761542748
teethbrushing_frequency:Not provided,0.002518714359589235,0.001,0.48616770273123794,0.873865530170993
teethbrushing_frequency:Occasionally (1-2 times/week),0.0007015520452525563,0.039,0.8951092704068309,0.44584682799337144
teethbrushing_frequency:Daily,0.009334186436809938,0.001,-0.7743489349109411,-0.6327588221449708
teethbrushing_frequency:Regularly (3-5 times/week),0.0025036054839426597,0.001,0.8964285286781126,0.44318832675511
teethbrushing_frequency:Rarely (a few times/month),0.0008310246510767308,0.021,0.9393045502804022,0.343084482048564
"thyroid:Diagnosed by a medical professional (doctor, physician assistant)",0.0012414864955358064,0.003,-0.33472314733542274,-0.9423165151040646
thyroid:Diagnosed by an alternative medicine practitioner,0.0007319314958919249,0.035,0.22330578965211362,-0.9747484415518939
thyroid:I do not have this condition,0.017460253575695073,0.001,-0.47700156671650396,0.878902443590869
thyroid:Self-diagnosed,1.670901453960933e-05,0.921,-0.4787007965586207,-0.877978101876204
thyroid:Not provided,0.015032278523751831,0.001,0.5898070513267819,-0.8075442044898885
types_of_plants:More than 30,0.00428783140809877,0.001,-0.9882276194767479,0.1529907582284635
types_of_plants:6 to 10,0.0057019707194732126,0.001,0.8749373594880632,-0.48423611696367275
types_of_plants:11 to 20,0.0015647658826452465,0.001,-0.6217156588270253,-0.7832430271437327
types_of_plants:21 to 30,0.003950774996510839,0.001,-0.9946519753640606,-0.10328333798039323
types_of_plants:Less than 5,0.010760367965052068,0.001,0.974587035679605,-0.22400917366313491
types_of_plants:Not provided,0.004133870482203588,0.001,0.07916469608780372,0.996861550514075
vegetable_frequency:Never,0.0013251388480999377,0.001,0.9416477266056972,0.33659999848235644
vegetable_frequency:Not provided,0.013880611572531067,0.001,0.5726632622549507,-0.819790697717117
vegetable_frequency:Rarely (less than once/week),0.004756121889303755,0.001,0.9964993124873686,0.08360095820145601
vegetable_frequency:Daily,0.02949690772170639,0.001,-0.927030095494772,0.37498693583504206
vegetable_frequency:Regularly (3-5 times/week),0.001253947683734272,0.006,0.6031262536832875,0.797645737227977
vegetable_frequency:Occasionally (1-2 times/week),0.008987154363322078,0.001,0.9999899337294895,0.004486918730171745
vitamin_b_supplement_frequency:Never,0.024545273118580208,0.001,-0.3890664979815096,0.9212096721965114
vitamin_b_supplement_frequency:Not provided,0.014512456263562215,0.001,0.5462461335692188,-0.8376247140340829
vitamin_b_supplement_frequency:Occasionally (1-2 times/week),0.00021092156987798381,0.338,0.05757934871664832,-0.9983409330491095
vitamin_b_supplement_frequency:Daily,0.003259448558025741,0.001,-0.08763403641356425,-0.9961527371150802
vitamin_b_supplement_frequency:Regularly (3-5 times/week),0.0006789336176435951,0.042,0.3955707011054361,-0.9184355287264065
vitamin_b_supplement_frequency:Rarely (a few times/month),0.00010553391215627458,0.585,-0.5452887206086355,0.8382482992389532
vitamin_d_supplement_frequency:Never,0.01686753235036259,0.001,-0.2988359487323771,0.9543044984412574
vitamin_d_supplement_frequency:Not provided,0.01448212738037184,0.001,0.5189867865599668,-0.8547822619686019
vitamin_d_supplement_frequency:Occasionally (1-2 times/week),0.00020774965717658924,0.358,-0.9091669729182522,0.4164317655446834
vitamin_d_supplement_frequency:Daily,0.0024120021257808626,0.001,0.14520639008464561,-0.9894013868388228
vitamin_d_supplement_frequency:Regularly (3-5 times/week),0.0004126412449866209,0.152,-0.5287378866765137,-0.8487851596210046
vitamin_d_supplement_frequency:Rarely (a few times/month),0.0026932444493109747,0.001,-0.5486050070762085,0.8360816624056009
vivid_dreams:Never,0.0029912998554560972,0.001,-0.800585159245748,0.599218994020934
vivid_dreams:Not provided,0.003851172609534279,0.001,0.9466303210317882,-0.3223213230663677
vivid_dreams:Daily,0.00022391939118442957,0.338,0.907352822813153,-0.42036990250611783
vivid_dreams:Occasionally (1-2 times/week),0.0005057820473807844,0.091,-0.6186792948757668,-0.7856436406488785
vivid_dreams:Regularly (3-5 times/week),8.35543667272463e-05,0.679,0.538892546377136,-0.8423745149630099
vivid_dreams:Rarely (a few times/month),0.001057452064114202,0.012,-0.9804142736852818,0.1969463174424983
weight_change:Remained stable,0.009063793520898887,0.001,-0.9762781961073371,0.21651993858627386
weight_change:Not provided,0.0038605106432530226,0.001,0.7380075358398333,0.6747924696109296
weight_change:Increased more than 10 pounds,0.005518441997129488,0.001,0.9922335453394819,-0.12438887210294339
weight_change:Decreased more than 10 pounds,0.0033091044903459793,0.001,0.5750840895794819,-0.8180943038015475
whole_eggs:Never,0.0024558412602355946,0.001,0.709408911449819,0.7047971313474415
whole_eggs:Not provided,0.014344281534033177,0.001,0.5716375841574799,-0.8205062293356462
whole_eggs:Rarely (less than once/week),0.0006167988961603646,0.047,0.8590054214046434,0.5119664891352078
whole_eggs:Daily,0.0013789425912471966,0.005,-0.9179476199688903,-0.39670160951709016
whole_eggs:Regularly (3-5 times/week),0.0037583523310759687,0.001,-0.9181258212056367,0.3962890062006201
whole_eggs:Occasionally (1-2 times/week),0.005462738378853584,0.001,-0.5152686755851995,0.8570286996131894
whole_grain_frequency:Never,0.004729123951711272,0.001,-0.45974185011100166,-0.8880526061312546
whole_grain_frequency:Not provided,0.014163439462169181,0.001,0.5956283759663777,-0.8032601308067364
whole_grain_frequency:Rarely (less than once/week),0.0001705222857798046,0.433,-0.9435919797950536,-0.3311105188097337
whole_grain_frequency:Daily,0.010921132310010677,0.001,-0.6066488324287058,0.7949699328357571
whole_grain_frequency:Regularly (3-5 times/week),0.005124160345869596,0.001,-0.09414369623094952,0.9955586192987206
whole_grain_frequency:Occasionally (1-2 times/week),0.0005476099652805461,0.075,0.38731198140232204,0.9219487128155271
