covarites,SAFE enriched score,R,pval
country:USA,1702.1617184748093,0.08736973342873093,0.001
race:Caucasian,1350.5679902170405,0.03722268637570834,0.001
census_region:Not provided,1188.2167587292165,0.07397685029064917,0.001
age_years,1182.5321184430131,0.06128392369320939,0.001
economic_region:Not provided,1181.425632564761,0.07397685029064917,0.001
antibiotic_history:I have not taken antibiotics in the past year.,1168.1886542793413,0.03778093995130515,0.001
subset_antibiotic_history,1163.3731421559346,0.03778093995130515,0.001
country:United Kingdom,1149.077486830667,0.07794315904812757,0.001
subset_healthy,1061.2590856549346,0.040960990502202435,0.001
other_supplement_frequency,1006.1654494361665,0.018895610178504392,0.001
ready_to_eat_meals_frequency:Never,966.8050765647048,0.018213072607620555,0.001
homecooked_meals_frequency:Daily,949.6082648923095,0.02733254419682727,0.001
sex:female,927.2698279988662,0.01550467986361111,0.001
country_residence:United Kingdom,914.6629756889507,0.033904195272247105,0.001
sugar_sweetened_drink_frequency:Never,896.3261176126089,0.01859301513540085,0.001
multivitamin,887.1501645275798,0.010378598336877671,0.001
sibo:I do not have this condition,880.5868891607818,0.018427701985491873,0.001
vegetable_frequency:Daily,875.2902100980953,0.02949690772170639,0.001
alcohol_consumption,863.3142793588415,0.021458070259592267,0.001
poultry_frequency:Occasionally (1-2 times/week),858.5935030582561,0.011154694507434998,0.001
chickenpox:true,851.8852324096332,0.021622987784481903,0.001
vitamin_b_supplement_frequency:Never,847.1671706807372,0.02454527311858021,0.001
subset_bmi,834.4670966247675,0.02287592034515421,0.001
prepared_meals_frequency:Rarely (less than once/week),818.676384259895,0.019088290772813432,0.001
olive_oil:Not provided,811.8809706897256,0.01466240501956026,0.001
one_liter_of_water_a_day_frequency:Not provided,806.525121487597,0.014253544486262282,0.001
autoimmune:Not provided,804.4280554669923,0.015378321209093429,0.001
thyroid:I do not have this condition,804.1311798681412,0.017460253575695073,0.001
ibs:Not provided,803.5429175148674,0.015041121028255297,0.001
cdiff:Not provided,796.0692570274331,0.01546011000034843,0.001
sibo:Not provided,795.2169723585989,0.014121190265903956,0.001
clinical_condition:Not provided,793.3669558798837,0.015415024999518022,0.001
red_meat_frequency:Not provided,793.1574563326136,0.014207639521963262,0.001
poultry_frequency:Not provided,789.3145947849019,0.014448502564316418,0.001
add_adhd:I do not have this condition,788.8693837304489,0.017869196864237716,0.001
epilepsy_or_seizure_disorder:Not provided,788.796984652457,0.014693381110376269,0.001
kidney_disease:Not provided,786.5865701254359,0.01523251200255652,0.001
breastmilk_formula_ensure:Not provided,786.4991189279468,0.013993124004128105,0.001
liver_disease:I do not have this condition,786.2215121795522,0.014821453866328915,0.001
salted_snacks_frequency:Not provided,783.4634723387115,0.014278002018379416,0.001
whole_eggs:Not provided,782.0073822224756,0.014344281534033176,0.001
seafood_frequency:Not provided,781.1198020420914,0.01474272752829849,0.001
fungal_overgrowth:Not provided,780.3271301734972,0.014650725678845072,0.001
last_travel:I have not been outside of my country of residence in the past year.,780.047546516613,0.020784312574072514,0.001
thyroid:Not provided,778.8258338992432,0.015032278523751831,0.001
cdiff:I do not have this condition,777.0434077905101,0.017520517296995455,0.001
sugar_sweetened_drink_frequency:Not provided,776.7097053668577,0.01398484490680225,0.001
alzheimers:Not provided,776.401108420024,0.014432303970108487,0.001
vegetable_frequency:Not provided,774.9138385492242,0.013880611572531069,0.001
whole_grain_frequency:Not provided,773.0733132595606,0.014163439462169181,0.001
bmi_cat:Normal,771.2259828762031,0.01967713382077497,0.001
homecooked_meals_frequency:Not provided,770.8099441669284,0.014894511904635813,0.001
sugary_sweets_frequency:Not provided,770.4537359147008,0.013892039412350114,0.001
clinical_condition:I do not have this condition,769.1007691747334,0.019118214341519276,0.001
frozen_dessert_frequency:Not provided,768.4246782623942,0.014582855042176825,0.001
alzheimers:I do not have this condition,765.6340731026876,0.014341073756727362,0.001
asd:Not provided,765.2446295889954,0.014264048325442346,0.001
liver_disease:Not provided,764.7391014468652,0.015204513513437653,0.001
high_fat_red_meat_frequency:Not provided,759.6685636605464,0.013341341506959613,0.001
vitamin_d_supplement_frequency:Not provided,759.5401396012265,0.01448212738037184,0.001
fermented_plant_frequency:Not provided,759.4496587237273,0.014106997084553922,0.001
ready_to_eat_meals_frequency:Not provided,757.6995824526605,0.01450239088951174,0.001
milk_substitute_frequency:Not provided,757.0323358348599,0.013707475773673613,0.001
prepared_meals_frequency:Not provided,756.6236719564117,0.014557657010160619,0.001
fed_as_infant:Not provided,756.1198205503583,0.013905253394077234,0.001
meat_eggs_frequency:Not provided,755.4324468678226,0.014282308722001822,0.001
roommates:Not provided,753.6844328391686,0.015005001729723659,0.001
last_move:I have lived in my current state of residence for more than a year.,749.7124648972754,0.01420545147723166,0.001
epilepsy_or_seizure_disorder:I do not have this condition,749.5666503737569,0.015054786151998319,0.001
milk_cheese_frequency:Not provided,747.8260179809322,0.013741462797190582,0.001
consume_animal_products_abx:Not provided,747.3830750763466,0.014079031009902009,0.001
cardiovascular_disease:Not provided,746.0739458808789,0.015022590649572462,0.001
asd:I do not have this condition,745.4004564796726,0.015011032293534681,0.001
autoimmune:I do not have this condition,745.3506607461175,0.01843706642164979,0.001
fruit_frequency:Not provided,744.5914098817366,0.013189039499014687,0.001
last_move:Not provided,736.0208239842933,0.014447398384572553,0.001
vitamin_b_supplement_frequency:Not provided,735.3644076960383,0.014512456263562215,0.001
alcohol_types_unspecified,728.4813956744881,0.018268073363022587,0.001
breastmilk_formula_ensure:false,728.3772627440383,0.012445229467105755,0.001
level_of_education:Not provided,726.3143524621037,0.014001303339848531,0.001
bowel_movement_quality:Not provided,725.7932992830621,0.013930688348845987,0.001
add_adhd:Not provided,724.2262794879616,0.014305310236683638,0.001
kidney_disease:I do not have this condition,721.1952003278232,0.016018386284301245,0.001
weight_change:Remained stable,720.8063154135546,0.009063793520898887,0.001
cardiovascular_disease:I do not have this condition,717.1377315317218,0.013605848110913095,0.001
probiotic_frequency:Not provided,700.7927621861946,0.013691624775561193,0.001
roommates:None,698.6018306993277,0.010016929868155349,0.001
vitamin_d_supplement_frequency:Never,691.6811296116732,0.01686753235036259,0.001
fungal_overgrowth:I do not have this condition,688.8466312635363,0.013904082933999352,0.001
cosmetics_frequency:Never,681.9646155447676,0.014253190720506438,0.001
lowgrain_diet_type,673.5297814314283,0.006532167115449529,0.001
sex:male,670.040001253542,0.01586200087663701,0.001
olive_oil:Daily,660.5157606501759,0.011615678416341294,0.001
gluten:No,660.4376499497183,0.01029401080044718,0.001
alcohol_types_white_wine,657.416256841628,0.012146708204844649,0.001
alcohol_types_red_wine,651.090504378715,0.022447750840264756,0.001
bowel_movement_frequency:Not provided,647.4259084726933,0.010816639419112248,0.001
salted_snacks_frequency:Rarely (less than once/week),642.4227633592212,0.013466752649068171,0.001
exercise_location:Outdoors,635.3993503691644,0.009083624147369813,0.001
bowel_movement_quality:I tend to have normal formed stool,627.0422038757912,0.003502034407315514,0.001
allergic_to_unspecified,621.531430258434,0.008590190422876095,0.001
census_region:West,620.2684361702746,0.0073866162074416875,0.001
gluten:Not provided,620.1351055859345,0.0064159571012377715,0.001
fruit_frequency:Daily,614.6007979608605,0.019176519009008988,0.001
teethbrushing_frequency:Daily,609.9012944115917,0.009334186436809937,0.001
level_of_education:Graduate or Professional degree,606.5208836263305,0.013048192114304646,0.001
livingwith:true,601.1191619132123,0.0062874236945213435,0.001
flu_vaccine_date:I have not gotten the flu vaccine in the past year.,600.708905680546,0.00552639934771243,0.001
non_food_allergies_unspecified,600.414092092873,0.004555405465569084,0.001
chickenpox:false,582.6273887002801,0.026042405418150203,0.001
types_of_plants:Not provided,582.1580646643072,0.004133870482203588,0.001
gluten:I do not eat gluten because it makes me feel bad,576.2662962188217,0.004842738903053033,0.001
bowel_movement_frequency:One,575.9520359618641,0.010265448975271756,0.001
collection_season:Spring,574.8649877705674,0.005215261078478865,0.001
fed_as_infant:Primarily breast milk,574.6147598507312,0.011829548524109302,0.001
flossing_frequency:Daily,572.851746297574,0.007163088945267078,0.001
country_residence:United States,568.8223843656808,0.014810799963753453,0.001
vegetable_frequency:Regularly (3-5 times/week),566.2544680535984,0.0012539476837342722,0.006
vitamin_d_supplement_frequency:Rarely (a few times/month),564.5151483464329,0.002693244449310975,0.001
subset_ibd,564.0721116673428,0.00945575811145714,0.001
ibd:I do not have this condition,562.3850150974235,0.00945575811145714,0.001
salted_snacks_frequency:Never,558.7567359145366,0.0046740588062353094,0.001
seafood_frequency:Occasionally (1-2 times/week),556.8937910919442,0.008335687356229034,0.001
allergic_to_i_have_no_food_allergies_that_i_know_of,554.9391282888196,0.011086305954998037,0.001
antibiotic_history:6 months,551.8663525369434,0.015538545631330275,0.001
acid_reflux:Not provided,549.4206189305496,0.003417265797207753,0.001
race:Asian or Pacific Islander,548.4896039300086,0.043567972261543374,0.001
artificial_sweeteners:Not provided,547.6873656714305,0.0033763044050495426,0.001
pregnant:false,546.7151610579169,0.00526940713618067,0.001
cancer:Not provided,546.5828588962631,0.0034841041091438576,0.001
age_cat:50s,544.6382422108221,0.008501014099921777,0.001
drinks_per_session:Not provided,540.2704499789443,0.00014238407526234398,0.502
diabetes:I do not have this condition,539.3868696499258,0.002819690999971223,0.001
subset_diabetes,535.8301341715822,0.002819690999971223,0.001
vivid_dreams:Not provided,532.8354044725138,0.003851172609534279,0.001
economic_region:Southeast,531.8942051388374,0.008150551963739065,0.001
whole_eggs:Regularly (3-5 times/week),530.4248354688194,0.0037583523310759687,0.001
age_cat:60s,522.2339518006142,0.010074196934380851,0.001
ibs:I do not have this condition,521.9932559013558,0.01723384437471072,0.001
country_residence:Not provided,518.2710036439053,0.0030385120377384315,0.001
census_region:South,516.9692208844906,0.010049200175957214,0.001
high_fat_red_meat_frequency:Rarely (less than once/week),516.9397012313475,0.004642280653536087,0.001
diet_type:Omnivore,516.8425011186714,0.007833839541166577,0.001
frozen_dessert_frequency:Never,513.2919575771396,0.005919186129590473,0.001
fermented_plant_frequency:Daily,510.10154971251615,0.003542053518595978,0.001
depression_bipolar_schizophrenia:Not provided,508.9819167761567,0.0016106463307556849,0.001
livingwith:Not sure,507.19918654667526,0.0020664683276655784,0.001
age_cat:30s,501.83714462375457,0.0014274379092739898,0.004
meat_eggs_frequency:Occasionally (1-2 times/week),501.12010643848464,0.0032655633559528605,0.001
types_of_plants:Less than 5,499.2986619167676,0.01076036796505207,0.001
one_liter_of_water_a_day_frequency:Daily,494.6325509997232,0.005833831504105031,0.001
height_cm,492.21392126399826,0.011857977699715569,0.001
alcohol_frequency:Regularly (3-5 times/week),490.6831883378463,0.006908677585050435,0.001
fruit_frequency:Regularly (3-5 times/week),489.691810210286,0.002085198274971558,0.001
contraceptive:No,489.350835438945,0.004416134146249108,0.001
red_meat_frequency:Occasionally (1-2 times/week),488.7572492756207,0.0026126456586350703,0.001
subset_age,483.44432595082014,0.008897703144260444,0.001
one_liter_of_water_a_day_frequency:Regularly (3-5 times/week),482.1477094927613,0.00018593496873636856,0.41700000000000004
exercise_location:Indoors,481.45612587458686,0.005358747714329732,0.001
roommates_in_study,481.11973608989126,0.007425801480298215,0.001
milk_substitute_frequency:Occasionally (1-2 times/week),479.4447308325307,0.00025833362227858816,0.282
whole_grain_frequency:Never,477.9781568544944,0.004729123951711272,0.001
sugary_sweets_frequency:Rarely (less than once/week),477.211413621103,0.0016398237617908536,0.001
whole_grain_frequency:Daily,477.16889464399003,0.010921132310010677,0.001
lung_disease:Not provided,474.77268138577506,0.004309197484720381,0.001
bowel_movement_frequency:Less than one,472.3580015019678,0.006144946328724666,0.001
seafood_frequency:Regularly (3-5 times/week),471.45008499724935,0.0072279655609974545,0.001
milk_cheese_frequency:Daily,470.6179392776976,0.011576117894160631,0.001
softener,470.3861793260941,0.0041644402992727135,0.001
homecooked_meals_frequency:Regularly (3-5 times/week),469.88453344507343,0.0022315564711650254,0.001
whole_grain_frequency:Regularly (3-5 times/week),469.49458019654134,0.005124160345869596,0.001
weight_change:Decreased more than 10 pounds,469.10411444572907,0.0033091044903459797,0.001
elevation,469.0685759616767,0.0017375966302549536,0.001
economic_region:Far West,466.6837964299949,0.005105200269385192,0.001
flossing_frequency:Never,461.6966055742547,0.012803512667853156,0.001
probiotic_frequency:Never,461.6017560663217,0.011650818303429141,0.001
cancer_treatment:Not provided,460.64787780416714,0.0008035408921675497,0.022000000000000002
acne_medication_otc,460.1928494484654,0.007397458578172206,0.001
non_food_allergies_poison_ivyoak,459.633402088501,0.003614455542876979,0.001
last_travel:Month,458.28219053180777,0.00936570854280048,0.001
exercise_frequency:Regularly (3-5 times/week),457.9507083082128,0.0039750102107665615,0.001
seasonal_allergies,457.0051245734784,0.007430002653047298,0.001
alcohol_frequency:Never,456.2488717442701,0.018199673661644544,0.001
drinking_water_source:Filtered,455.3256689028532,0.003067953094124104,0.001
frozen_dessert_frequency:Rarely (less than once/week),453.5191227218012,0.005881308710189081,0.001
artificial_sweeteners:Never,452.99079816445726,0.004843887662075054,0.001
exercise_location:Both,452.4101805987079,0.0023323724606548624,0.001
collection_month:February,450.610192586096,0.0002684636310142001,0.273
depression_bipolar_schizophrenia:I do not have this condition,449.11116852257584,0.0026324255061701413,0.001
age_cat:child,448.8891760270968,0.012970282560790405,0.001
bowel_movement_quality:I tend to have normal formed stool - Type 3 and 4,448.78635179268156,0.007354306122464412,0.001
alcohol_types_sour_beers,447.5099657295104,0.0009713687236152529,0.005
skin_condition:I do not have this condition,447.5005645409508,0.0006056480605787278,0.054000000000000006
deodorant_use:I do not use deodorant or an antiperspirant,447.35026339197367,0.004393914119817754,0.001
dog,444.9204458129924,0.0013268704836953012,0.003
whole_eggs:Occasionally (1-2 times/week),444.6323097316788,0.005462738378853585,0.001
bowel_movement_quality:I tend to be constipated (have difficulty passing stool) - Type 1 and 2,444.0807521513474,0.0019945295811885683,0.001
mental_illness_type_unspecified,442.09867734500796,0.0030982023137352405,0.001
fermented_plant_frequency:Never,440.48638483187574,0.0059128805205727955,0.001
fruit_frequency:Occasionally (1-2 times/week),435.5012061449745,0.00021929265100081765,0.33399999999999996
census_region:Northeast,435.351097831225,0.009166527025531885,0.001
tonsils_removed,432.28332251772156,0.006451585573881619,0.001
exercise_frequency:Rarely (a few times/month),431.75174430773166,0.004244860764735502,0.001
high_fat_red_meat_frequency:Never,431.40495759559064,0.01017844405628832,0.001
whole_grain_frequency:Occasionally (1-2 times/week),431.39300753361914,0.000547609965280546,0.075
contraceptive:Not provided,431.1292100642595,0.004281932077083067,0.001
sex:Not provided,428.4689325464091,0.00024414609528736496,0.308
exercise_frequency:Daily,428.4283893604468,0.006427527930871175,0.001
pregnant:Not provided,427.3595949474015,0.0053365723703613565,0.001
alcohol_types_beercider,426.626864702579,0.005148508040420234,0.001
bowel_movement_frequency:Two,425.95473530239695,0.0034842834677727185,0.001
migraine:I do not have this condition,424.444355760197,0.0010158478877219767,0.01
sugary_sweets_frequency:Never,423.97821534432325,0.0007616701104466439,0.027999999999999997
meat_eggs_frequency:Regularly (3-5 times/week),419.2357699930618,0.004421178161631858,0.001
diet_type:Not provided,418.29468547973545,0.0021929215212943974,0.001
ready_to_eat_meals_frequency:Rarely (less than once/week),417.44322188254955,0.002111923830308974,0.001
sleep_duration:8 or more hours,417.0872269623341,0.00667815151295395,0.001
consume_animal_products_abx:Not sure,416.61853645338135,0.006263938156525491,0.001
probiotic_frequency:Daily,416.17607971454856,0.00033967050421681016,0.212
non_food_allergies_drug_eg_penicillin,414.7299925034539,0.0026473659582419737,0.001
prepared_meals_frequency:Occasionally (1-2 times/week),412.80802782035994,0.0002091517179662047,0.37200000000000005
livingwith:false,412.5413691374844,0.0036431011360553134,0.001
age_cat:20s,412.2550293051232,0.013846844180605342,0.001
acid_reflux:I do not have this condition,410.86306690756544,0.005934650542531726,0.001
sleep_duration:7-8 hours,410.6352142856667,0.0056165557085944865,0.001
level_of_education:Some graduate school or professional,410.3916603791863,0.0007516321128327647,0.032
high_fat_red_meat_frequency:Regularly (3-5 times/week),409.50224973239364,0.002072998472212373,0.001
sugary_sweets_frequency:Occasionally (1-2 times/week),407.9786634430491,0.0032574433738477137,0.001
drinking_water_source:City,407.92608140569774,0.00800164466977627,0.001
nail_biter,404.3533254907221,0.0007401858491189737,0.027999999999999997
collection_season:Winter,400.2630761872729,0.0013038534073884678,0.001
cosmetics_frequency:Rarely (a few times/month),399.9069959607284,0.0007457979875542003,0.037000000000000005
consume_animal_products_abx:true,399.48728673842913,0.0005461705063350574,0.078
cosmetics_frequency:Regularly (3-5 times/week),397.087724115622,0.004731301050773089,0.001
poultry_frequency:Regularly (3-5 times/week),396.60716228886656,0.002554985567102394,0.001
collection_month:July,396.0447919556208,0.0014998896148163288,0.002
lung_disease:I do not have this condition,393.39336421114444,0.003004906050670248,0.001
skin_condition:Not provided,393.1382703827842,0.004065237707412127,0.001
bmi_cat:Not provided,388.90613773720327,0.0029219004993260053,0.001
deodorant_use:I use an antiperspirant,386.67175540590523,0.0022310754854873442,0.001
alcohol_frequency:Daily,386.3549361876611,0.005052228553116714,0.001
fungal_overgrowth:Diagnosed by an alternative medicine practitioner,384.89246393617236,0.0011289407845034235,0.006
smoking_frequency:Never,384.5752781229302,0.002832347576055417,0.001
exercise_location:Depends on the season,384.2141348589515,0.005363866554823898,0.001
pool_frequency:Never,382.26762979593957,0.0016499841787627285,0.001
poultry_frequency:Never,380.90077637968835,0.009193897002340568,0.001
red_meat_frequency:Rarely (less than once/week),380.46386394874605,0.0013239340242884614,0.004
"ibd:Diagnosed by a medical professional (doctor, physician assistant)",379.3535245157158,0.007152534268299186,0.001
age_cat:70+,378.92875879568925,0.006352771903015353,0.001
last_move:Within the past 6 months,378.79495014124814,0.0007052395067883193,0.035
collection_month:March,378.44594842257743,0.0015659981255572548,0.002
types_of_plants:More than 30,377.7310019128365,0.004287831408098771,0.001
cat,377.60727970818004,0.002489606224615057,0.001
ready_to_eat_meals_frequency:Occasionally (1-2 times/week),376.0187617661409,0.004998195518598068,0.001
poultry_frequency:Rarely (less than once/week),374.303023880575,0.004067091231728218,0.001
flu_vaccine_date:Year,373.9174036553401,0.002692097982452693,0.001
meat_eggs_frequency:Daily,373.48307670577515,0.0011481175144033948,0.006
cancer:I do not have this condition,372.93549119162566,0.003985785923496354,0.001
salted_snacks_frequency:Regularly (3-5 times/week),372.4998372078777,0.005636218300597428,0.001
prepared_meals_frequency:Regularly (3-5 times/week),372.06026760443604,0.0012727794246064552,0.005
bmi_cat:Obese,372.0507604007673,0.008370570020505268,0.001
milk_substitute_frequency:Never,370.99700385587596,0.004607836176027916,0.001
red_meat_frequency:Regularly (3-5 times/week),368.67640483776853,0.0013284069083930776,0.002
antibiotic_history:Month,368.6440269831145,0.0040694491906296615,0.001
economic_region:Rocky Mountain,367.85645567232007,0.0005757303828418812,0.068
vegetable_frequency:Occasionally (1-2 times/week),365.5591954357157,0.008987154363322078,0.001
collection_month:May,363.3555178137343,0.0018868392375750325,0.001
pool_frequency:Regularly (3-5 times/week),362.7362594532251,9.998512527997628e-05,0.625
economic_region:New England,361.5956194783631,0.0060889812744671324,0.001
"bowel_movement_quality:I tend to have diarrhea (watery stool) - Type 5, 6 and 7",361.58984306386446,0.0057498891758884785,0.001
collection_month:October,361.17918786855705,0.0015434884132729011,0.001
pku:I do not have this condition,360.16972843863323,0.001139243369799548,0.006999999999999999
cosmetics_frequency:Daily,359.318017341505,0.005919017194960015,0.001
fed_as_infant:Primarily infant formula,357.3711425310816,0.0011115059320901117,0.009000000000000001
meat_eggs_frequency:Never,357.18989199102487,0.003469074090630369,0.001
seafood_frequency:Never,355.68512987052736,0.00754164567162858,0.001
fermented_plant_frequency:Regularly (3-5 times/week),355.3690171728853,0.0005095855624419751,0.091
vitamin_d_supplement_frequency:Daily,354.63384197145456,0.0024120021257808626,0.001
country:Canada,352.6587088109648,0.0006111450490136617,0.054000000000000006
vitamin_b_supplement_frequency:Daily,351.19946943950936,0.003259448558025741,0.001
flossing_frequency:Regularly (3-5 times/week),351.13638640702055,0.0014933539149318774,0.002
economic_region:Southwest,350.92849819922867,0.0031626371975979296,0.001
last_travel:3 months,349.0547422568284,0.005676372864682004,0.001
bmi_cat:Overweight,348.8943429225005,0.0008584025766193314,0.015
homecooked_meals_frequency:Occasionally (1-2 times/week),348.01194043849836,0.003488337297341735,0.001
ibd:Not provided,347.77267115000774,0.004497236079859418,0.001
bowel_movement_frequency:Three,347.7348132090026,0.003813945452871485,0.001
drinking_water_source:Bottled,346.6028042685906,0.004199380771398868,0.001
collection_season:Summer,345.8333142143702,0.006085407741334037,0.001
acne_medication,344.75766678587286,0.0017121660117787858,0.001
lactose,344.07866119983095,0.00522126421017327,0.001
weight_kg,343.9831663415799,0.004726493166491481,0.001
high_fat_red_meat_frequency:Daily,343.627137519852,0.0008604885266204678,0.022000000000000002
flossing_frequency:Occasionally (1-2 times/week),343.53847056071413,0.00011502300271609444,0.591
country:Australia,342.96699144342995,0.001628258787592049,0.001
chickenpox:Not sure,342.59303949638553,0.0006262131763780928,0.051
age_cat:Not provided,342.4432509586781,0.008926759552416964,0.001
red_meat_frequency:Never,341.9628754220292,0.007812369727435951,0.001
frozen_dessert_frequency:Occasionally (1-2 times/week),341.3201394867035,0.0017677502143608945,0.001
teethbrushing_frequency:Regularly (3-5 times/week),340.64964627699976,0.00250360548394266,0.001
fruit_frequency:Never,340.6229114961256,0.0018269769661913996,0.001
vivid_dreams:Never,338.5955145508836,0.002991299855456097,0.001
flu_vaccine_date:6 months,336.73593012861954,0.0017436643198950484,0.001
weight_change:Not provided,336.40090933085986,0.0038605106432530226,0.001
migraine:Not provided,335.4681049459007,0.003669029347223289,0.001
pool_frequency:Occasionally (1-2 times/week),334.98277432438897,0.0015387672332857116,0.004
dominant_hand:Not provided,334.8063023562943,0.006186025045554136,0.001
drinks_per_session:1-2,333.2080258111089,0.0004650238743585332,0.1
csection,333.04571096498296,0.005996495333488014,0.001
cosmetics_frequency:Not provided,332.2758455860821,0.0017826270160134102,0.001
flu_vaccine_date:Not provided,331.6076236191062,0.0008302758433336088,0.02
race:Other,331.60053179384596,0.003698951244956585,0.001
migraine:Self-diagnosed,331.39543205266204,0.0008744773446861762,0.015
alcohol_frequency:Not provided,331.36901515860103,0.0024543507856499692,0.001
country:New Zealand,331.2858866863521,0.000609529914601138,0.052000000000000005
exercise_location:Not provided,331.28559245487065,0.005951814745857773,0.001
"migraine:Diagnosed by a medical professional (doctor, physician assistant)",330.44292729793506,0.0005579844930342764,0.066
sugar_sweetened_drink_frequency:Rarely (less than once/week),329.91180687668685,0.0029779939129154762,0.001
allergic_to_tree_nuts,329.17682273362686,0.0011605013650063133,0.006
milk_cheese_frequency:Regularly (3-5 times/week),328.9042715421827,0.0015644474238732551,0.001
antibiotic_history:Year,328.75473467394266,0.005266347430158454,0.001
diet_type:Vegetarian but eat seafood,328.32621308796877,0.0010155644557704095,0.01
economic_region:Mideast,328.3074668532782,0.0028305089654266607,0.001
milk_substitute_frequency:Regularly (3-5 times/week),328.18908323514387,1.3728424440816354e-05,0.9420000000000001
red_meat_frequency:Daily,326.8528882784198,0.0013686512526490462,0.005
whole_eggs:Never,326.40992247433337,0.0024558412602355946,0.001
drinking_water_source:Well,326.3583996485616,0.0017262734717082664,0.001
olive_oil:Regularly (3-5 times/week),325.293855911858,0.0024330241631738453,0.001
frozen_dessert_frequency:Regularly (3-5 times/week),324.78643151093445,0.0013006664925973512,0.003
types_of_plants:6 to 10,324.11979389118017,0.005701970719473213,0.001
exercise_frequency:Occasionally (1-2 times/week),323.8251430011902,0.002887723414083289,0.001
whole_grain_frequency:Rarely (less than once/week),323.48823817065784,0.0001705222857798046,0.433
vitamin_b_supplement_frequency:Occasionally (1-2 times/week),322.7097156328016,0.0002109215698779838,0.33799999999999997
collection_month:April,322.4874654991449,0.001858421234567097,0.001
economic_region:Great Lakes,321.06238816465844,0.003548923785267097,0.001
exercise_frequency:Not provided,320.5030720222882,0.009894395918859593,0.001
add_adhd:Self-diagnosed,320.2621533446011,0.0005095653043843429,0.08
fermented_plant_frequency:Occasionally (1-2 times/week),319.3288653155577,5.930599227353396e-05,0.76
probiotic_frequency:Rarely (a few times/month),319.1181158891604,0.0004668439950537373,0.114
economic_region:Plains,318.5264384985603,0.0018470994191004864,0.002
milk_cheese_frequency:Never,316.93692795152253,8.81979714860816e-05,0.6709999999999999
last_travel:1 year,315.35267841324765,0.0005558329732645254,0.081
allergic_to_peanuts,315.23972152731665,0.002218489426874073,0.001
whole_eggs:Rarely (less than once/week),312.7157985828088,0.0006167988961603647,0.047
probiotic_frequency:Regularly (3-5 times/week),312.60756507189444,0.0005879185683898196,0.063
fed_as_infant:Not sure,312.40652499901523,0.00020500686074054612,0.374
sugar_sweetened_drink_frequency:Daily,312.3019792352513,0.0018159485296902727,0.001
salted_snacks_frequency:Occasionally (1-2 times/week),311.9833194284173,0.0020450711252905673,0.001
age_cat:teen,311.9322438784463,0.005616432845764045,0.001
"deodorant_use:Not sure, but I use some form of deodorant/antiperspirant",311.7726983061141,5.5339648115388906e-05,0.773
smoking_frequency:Not provided,311.62896060577395,0.0025634156853654444,0.001
specialized_diet_exclude_refined_sugars,309.91317154879266,0.00033317024335037656,0.185
level_of_education:Associate's degree,309.41423109621223,0.00011261198048489108,0.547
pets_other,309.0972597524574,0.000631857246189156,0.051
"sibo:Diagnosed by a medical professional (doctor, physician assistant)",308.81806705848044,0.001958977093889707,0.001
collection_month:September,308.74680676991966,0.0003941030864233127,0.179
drinks_per_session:I don't drink,307.9295723360341,0.0021301961798111608,0.001
skin_condition:Self-diagnosed,307.1902578255432,0.0006853786919611265,0.047
census_region:Midwest,307.00538059651365,0.005496089029115489,0.001
"clinical_condition:Diagnosed by a medical professional (doctor, physician assistant)",306.907121248683,0.0007011021435815044,0.034
vivid_dreams:Regularly (3-5 times/week),305.73493454014243,8.35543667272463e-05,0.679
fungal_overgrowth:Self-diagnosed,304.4939813052823,0.0005074895218132306,0.09
types_of_plants:21 to 30,304.3172526941562,0.003950774996510839,0.001
clinical_condition:Diagnosed by an alternative medicine practitioner,303.73040658748914,0.0003794457089012857,0.166
diet_type:Omnivore but do not eat red meat,303.36782715622877,0.0002814602960398892,0.259
pool_frequency:Not provided,302.18369507816647,0.00214199093480392,0.001
alcohol_frequency:Rarely (a few times/month),301.52726394399974,0.00029417748958704025,0.261
alcohol_frequency:Occasionally (1-2 times/week),301.2233909211696,0.0011951801095183988,0.002
bmi,300.23763267589993,0.0010618112951439637,0.006
sugar_sweetened_drink_frequency:Regularly (3-5 times/week),299.74354807373595,0.0028475809949742477,0.001
"contraceptive:""Yes, I am taking the """"pill""""""",298.95549726089445,0.0015161125835965125,0.001
vivid_dreams:Rarely (a few times/month),298.1893448678765,0.001057452064114202,0.012
deodorant_use:I use deodorant,297.9489577838285,0.0010944565246044091,0.01
antibiotic_history:Not provided,297.3962579136968,0.0010853594272098443,0.01
sugar_sweetened_drink_frequency:Occasionally (1-2 times/week),296.2650994165439,0.0037291491634664467,0.001
diet_type:Vegan,295.9411954843224,0.00081967381297262,0.016
non_food_allergies_pet_dander,295.70554097634806,0.0009192384885440953,0.02
pool_frequency:Rarely (a few times/month),294.44423917682514,0.00018481354342238208,0.38799999999999996
sleep_duration:6-7 hours,293.24917651667886,0.0002913461359629316,0.252
level_of_education:Some college or technical school,293.1253795551321,0.00032706860573680096,0.22
consume_animal_products_abx:false,292.8914283548997,0.0008817006061209308,0.01
antibiotic_history:Week,292.7652185000785,0.006443601638608361,0.001
poultry_frequency:Daily,291.51305480968324,0.0014183587056642284,0.002
age_cat:40s,291.39654241545634,0.0005279647104390374,0.07400000000000001
one_liter_of_water_a_day_frequency:Rarely (less than once/week),291.1638291664259,0.0014545036098713086,0.001
vitamin_d_supplement_frequency:Occasionally (1-2 times/week),289.3648078563119,0.00020774965717658924,0.358
vitamin_b_supplement_frequency:Rarely (a few times/month),288.7538756390614,0.00010553391215627458,0.585
olive_oil:Rarely (less than once/week),288.38915156334167,0.000834302974710107,0.02
"thyroid:Diagnosed by a medical professional (doctor, physician assistant)",287.73888970466317,0.0012414864955358064,0.003
"fungal_overgrowth:Diagnosed by a medical professional (doctor, physician assistant)",287.1900997280171,0.00043456401938284415,0.129
bowel_movement_quality:I tend to have diarrhea (watery stool),286.34882934271326,0.0019533718029950053,0.001
bmi_cat:Underweight,286.1992393622262,0.012107322837764528,0.001
flossing_frequency:Rarely (a few times/month),285.43943189238746,0.0004101456071747165,0.151
last_travel:6 months,285.28124705349774,0.0021696408773047068,0.001
flossing_frequency:Not provided,284.3627462441246,0.0040126562206561755,0.001
seafood_frequency:Rarely (less than once/week),284.29727747199456,0.0015242690576991002,0.001
"acid_reflux:Diagnosed by a medical professional (doctor, physician assistant)",283.6400977693247,0.001711195377802493,0.001
collection_season:Fall,283.61589814377163,0.00026366199766138454,0.32
specialized_diet_unspecified,282.8369094982073,0.0012386539915097627,0.004
"lung_disease:Diagnosed by a medical professional (doctor, physician assistant)",282.4403548430821,0.0002914532273562885,0.26
ready_to_eat_meals_frequency:Regularly (3-5 times/week),281.976714798287,0.0035629818199594985,0.001
autoimmune:Diagnosed by an alternative medicine practitioner,281.14810586634565,0.00048111673164008377,0.121
fermented_plant_frequency:Rarely (less than once/week),280.60443277064076,0.0007396735983546508,0.034
sugary_sweets_frequency:Daily,280.417755328177,0.0005729478485681774,0.067
whole_eggs:Daily,279.69141365670845,0.0013789425912471966,0.005
smoking_frequency:Rarely (a few times/month),278.9650970933974,0.00011252228251667073,0.589
deodorant_use:Not provided,278.746893910126,0.00330917854857967,0.001
appendix_removed,278.6092745562089,0.00014139513458486308,0.488
country_residence:Canada,276.1025749303108,0.0004807085628443427,0.122
olive_oil:Never,275.7505876800505,0.000754265036833973,0.022000000000000002
artificial_sweeteners:Occasionally (1-2 times/week),274.55005482035585,6.519260700230139e-05,0.73
non_food_allergies_beestings,274.28376273829326,0.0008112224214011639,0.02
artificial_sweeteners:Daily,273.1729784719299,0.0006078074013913393,0.048
homecooked_meals_frequency:Rarely (less than once/week),273.0174205961727,0.001860467888946461,0.001
milk_cheese_frequency:Occasionally (1-2 times/week),271.88157337340516,0.0006742196361018935,0.040999999999999995
country_residence:Australia,271.528308961203,0.00033146781033476164,0.196
"skin_condition:Diagnosed by a medical professional (doctor, physician assistant)",271.2489116288281,0.0003559046050985956,0.184
"diabetes:Diagnosed by a medical professional (doctor, physician assistant)",270.8073922112317,0.0012843211978336847,0.005
allergic_to_shellfish,270.68525033210153,3.3999784386252366e-05,0.858
country_residence:Germany,270.1035921724309,0.00025629523741266025,0.302
country:Germany,269.4816606048025,0.00010877706135222691,0.59
diet_type:Vegetarian,268.430250637054,0.008007299840127356,0.001
sugary_sweets_frequency:Regularly (3-5 times/week),267.18467188415457,0.002430919686740106,0.001
"bowel_movement_quality:I don't know, I do not have a point of reference",266.39279849176927,0.0003524026726834528,0.188
"contraceptive:Yes, I use a hormonal IUD (Mirena)",265.64528959812094,0.002047158013864658,0.001
drinking_water_source:Not provided,265.37082779209044,0.0009560492594951028,0.011000000000000001
collection_month:December,264.5667417434704,9.023048565377164e-05,0.623
"depression_bipolar_schizophrenia:Diagnosed by a medical professional (doctor, physician assistant)",263.69261207187014,0.00011483834146745949,0.563
sleep_duration:5-6 hours,263.0554000423399,0.0008828064730829994,0.012
last_travel:Not provided,261.6905601173056,0.0007577896813766693,0.026000000000000002
cancer_treatment:Surgery only,260.302022054733,0.001197264210952978,0.006
probiotic_frequency:Occasionally (1-2 times/week),260.1658903740169,0.00013740163287173854,0.517
prepared_meals_frequency:Never,259.3109728241584,0.0008731453194835095,0.02
exercise_frequency:Never,258.98379328551437,0.0025213471615921747,0.001
exercise_location:None of the above,258.095262500705,0.0017615153154320622,0.001
collection_month:June,257.9573466252469,0.005712933097568511,0.001
roommates:Three,257.7520560194248,0.0032092205489351253,0.001
"cancer:Diagnosed by a medical professional (doctor, physician assistant)",257.3276027606435,0.0007961342413642503,0.024
types_of_plants:11 to 20,256.67681302404685,0.0015647658826452465,0.001
alcohol_types_spiritshard_alcohol,256.5945066004178,1.6323930361231353e-05,0.937
pregnant:Not sure,256.51495610593304,0.00024513394744858007,0.28
drinks_per_session:1,255.82086402810074,0.000976236048270259,0.009000000000000001
thyroid:Diagnosed by an alternative medicine practitioner,255.52942444451693,0.0007319314958919249,0.035
country:France,255.34932891296955,0.0003328646017707134,0.24100000000000002
dominant_hand:I am right handed,254.0715281861593,0.0024690093561689475,0.001
prepared_meals_frequency:Daily,252.90457593021762,0.0006697504733692233,0.036000000000000004
race:Hispanic,252.29773970942927,0.0011085797956673434,0.006
olive_oil:Occasionally (1-2 times/week),251.78815940652177,0.00027068207375220173,0.29
smoking_frequency:Regularly (3-5 times/week),250.70453526577018,0.000694090800522113,0.044000000000000004
collection_month:January,250.67212018428103,0.001373818212403351,0.004
mental_illness_type_anorexia_nervosa,250.64403200206095,0.00013876134765320396,0.517
ibs:Diagnosed by an alternative medicine practitioner,249.79601093709954,0.00010516615978947308,0.614
country_residence:Ireland,248.9748759470211,0.00011844360716197488,0.601
chickenpox:Not provided,248.39405316364872,0.0012647824879486454,0.004
add_adhd:Diagnosed by an alternative medicine practitioner,248.07266462309406,0.0001267560838448592,0.537
fed_as_infant:A mixture of breast milk and formula,245.3899006322919,0.0001448109090518185,0.535
collection_month:August,244.2520637787074,0.00036291451835082286,0.17600000000000002
salted_snacks_frequency:Daily,244.1681089732549,0.0038722405372339217,0.001
weight_change:Increased more than 10 pounds,242.95622609241863,0.005518441997129488,0.001
bowel_movement_frequency:Five or more,242.6008866287093,0.002501965044105235,0.001
milk_substitute_frequency:Daily,242.46167555941102,0.0021644721720158913,0.001
pku:Not provided,241.41703594478116,0.0011389075765110045,0.006
milk_cheese_frequency:Rarely (less than once/week),240.8204000504769,0.00040236548496522,0.159
vitamin_d_supplement_frequency:Regularly (3-5 times/week),239.7609189527538,0.0004126412449866209,0.152
milk_substitute_frequency:Rarely (less than once/week),239.48863091173445,0.0005409971919599172,0.07400000000000001
race:Not provided,238.84849974100922,0.0001977868165496765,0.373
sibo:Diagnosed by an alternative medicine practitioner,238.32592476818775,0.0004929282559573272,0.109
"kidney_disease:Diagnosed by a medical professional (doctor, physician assistant)",238.131836789158,0.0004731574847853249,0.102
pool_frequency:Daily,237.91379258833686,0.00015496597627069777,0.47200000000000003
last_move:Within the past month,237.8273924969032,0.0004362949026137084,0.122
mental_illness_type_bulimia_nervosa,236.84280196642993,0.0010202767285293294,0.013999999999999999
bowel_movement_frequency:Four,236.71961650168765,0.002551786070113239,0.001
dominant_hand:I am left handed,236.58576238851367,0.00017246893982751123,0.433
diabetes:Not provided,236.54718229529828,0.00304356229120101,0.001
ibd:Self-diagnosed,236.2045619402792,5.7269070744880796e-05,0.7559999999999999
level_of_education:High School or GED equilivant,235.57008729603302,0.0015797137550447333,0.001
"cdiff:Diagnosed by a medical professional (doctor, physician assistant)",235.27155215406654,0.0042163227838165705,0.001
ibs:Self-diagnosed,234.1203551144141,0.0006479176842754657,0.051
artificial_sweeteners:Regularly (3-5 times/week),233.67464811268906,0.0004391788404611607,0.135
drinking_water_source:Not sure,231.9509528823562,0.0009059415783212797,0.011000000000000001
last_move:Within the past 3 months,231.35202038057872,0.0004475187463956624,0.11699999999999999
breastmilk_formula_ensure:I eat both solid food and formula/breast milk,230.31859068688465,0.008257679459877829,0.001
"add_adhd:Diagnosed by a medical professional (doctor, physician assistant)",229.70903810199246,0.002338224091415546,0.001
drinks_per_session:4+,229.54373132514428,0.00029345427931536,0.239
"gluten:I was diagnosed with gluten allergy (anti-gluten IgG), but not celiac disease",228.27361897715843,0.002446747261679113,0.001
"cardiovascular_disease:Diagnosed by a medical professional (doctor, physician assistant)",227.53155947928263,0.00014429236288814786,0.486
level_of_education:Bachelor's degree,225.99205970652426,0.0008149228905133072,0.023
mental_illness,223.46999598750386,0.0013070024685953908,0.001
sleep_duration:Less than 5 hours,223.13131924321382,0.00035919108574163197,0.18600000000000003
vivid_dreams:Daily,223.06712674825133,0.0002239193911844296,0.33799999999999997
specialized_diet_other_restrictions_not_described_here,221.4424787342669,0.00027161502695457817,0.27899999999999997
acid_reflux:Self-diagnosed,219.7753006220252,0.00010010862985190772,0.604
one_liter_of_water_a_day_frequency:Never,218.6998422435746,0.00222793839661774,0.001
country:Austria,218.2944542286113,0.00015238945994393115,0.498
homecooked_meals_frequency:Never,217.99560166416182,0.0016599516951503056,0.002
depression_bipolar_schizophrenia:Self-diagnosed,216.68950270023365,0.00013594713232661392,0.526
teethbrushing_frequency:Not provided,216.67219346088933,0.002518714359589235,0.001
one_liter_of_water_a_day_frequency:Occasionally (1-2 times/week),214.71285944340212,0.0003595654866740663,0.18600000000000003
dominant_hand:I am ambidextrous,213.99505423852227,0.001549816850639843,0.003
vitamin_b_supplement_frequency:Regularly (3-5 times/week),210.9667737209321,0.0006789336176435951,0.042
"contraceptive:Yes, I use the NuvaRing",210.92557490702646,0.0002130258738705409,0.331
roommates:One,210.87034702822393,0.00042527451777196203,0.129
bowel_movement_quality:I tend to be constipated (have difficulty passing stool),209.87095854276666,0.0009218605762776914,0.019
cosmetics_frequency:Occasionally (1-2 times/week),208.1129798708761,0.0013770210378272918,0.002
last_move:Within the past year,207.43473663413067,0.0017753987575036578,0.001
autoimmune:Self-diagnosed,206.8451932796986,0.0001092586236778036,0.591
country:Switzerland,204.96012605466535,0.0013435649262285134,0.002
cancer_treatment:Chemotherapy,204.40696296519184,0.0004259283936535785,0.122
high_fat_red_meat_frequency:Occasionally (1-2 times/week),204.07700579313223,0.0003671470894447673,0.18100000000000002
diabetes_type:Type II diabetes,203.52647913951793,0.0013305164154326814,0.001
seafood_frequency:Daily,201.58101173180373,0.00029070885568777214,0.265
mental_illness_type_depression,201.15065630724024,0.001418678655347725,0.001
fruit_frequency:Rarely (less than once/week),200.69636112728975,0.0015646097690065858,0.003
livingwith:Not provided,200.55891962567995,0.00019270954839348018,0.401
smoking_frequency:Daily,200.10362990149798,0.0008056541375827233,0.027000000000000003
specialized_diet_i_do_not_eat_a_specialized_diet,199.76881265582642,0.00036682458941396254,0.172
clinical_condition:Self-diagnosed,198.79848801518418,7.131394941409538e-05,0.716
vegetable_frequency:Never,197.11100717270125,0.0013251388480999375,0.001
non_food_allergies_sun,196.51723634890482,0.00047223093072521974,0.10400000000000001
"ibs:Diagnosed by a medical professional (doctor, physician assistant)",195.8245233160743,0.001448169125221564,0.003
"asd:Diagnosed by a medical professional (doctor, physician assistant)",194.52251075201696,0.0035011938874940363,0.001
mental_illness_type_substance_abuse,194.38145830114667,0.0004605014189759415,0.11199999999999999
sleep_duration:Not provided,193.86230278182103,0.00151028787904315,0.001
race:African American,193.8096200915059,0.0017438236655786259,0.001
"autoimmune:Diagnosed by a medical professional (doctor, physician assistant)",192.14724680896506,0.0011480676726821945,0.003
country:Czech Republic,191.11279018371832,7.523297574456272e-05,0.7090000000000001
pregnant:true,191.0398878674426,0.00032633898774368786,0.228
collection_month:November,190.31343497455046,0.001900221749848518,0.001
country_residence:Austria,190.22530862828626,0.00017171361865284416,0.45399999999999996
allergic_to_other,189.7923204484125,0.0005592399407477879,0.075
specialized_diet_westenprice_or_other_lowgrain_low_processed_fo,189.50175153679342,0.0009633220458161748,0.013000000000000001
"liver_disease:Diagnosed by a medical professional (doctor, physician assistant)",188.27871845204587,0.00017920069487271492,0.441
asd:Self-diagnosed,187.68102545863414,0.00014150098339498624,0.526
sibo:Self-diagnosed,187.08062753812348,0.0008293662789156232,0.02
breastmilk_formula_ensure:true,185.1364767357324,0.007898455684243251,0.001
gluten:I was diagnosed with celiac disease,184.99747803133047,9.830204698446228e-05,0.63
specialized_diet_modified_paleo_diet,184.83200099006888,0.0015313316462536922,0.001
meat_eggs_frequency:Rarely (less than once/week),182.15480273936853,0.0012494762543975365,0.004
flu_vaccine_date:Week,181.00962439732655,0.0005207555084171182,0.087
vivid_dreams:Occasionally (1-2 times/week),180.24949037004248,0.0005057820473807844,0.091
"epilepsy_or_seizure_disorder:Diagnosed by a medical professional (doctor, physician assistant)",178.19742826939975,0.0006886316373025472,0.049
artificial_sweeteners:Rarely (a few times/month),177.64873357301838,7.316639711554174e-05,0.7070000000000001
flu_vaccine_date:Month,176.1277964165827,0.000780162686940275,0.032
country_residence:New Zealand,173.71758310559176,0.00026632895841138067,0.267
specialized_diet_exclude_nightshades,172.18178856224557,8.927558025477458e-05,0.665
mental_illness_type_ptsd_posttraumatic_stress_disorder,167.74423787637187,0.0011013349480040874,0.006
smoking_frequency:Occasionally (1-2 times/week),167.68337009688764,0.0010482222045988347,0.006
kidney_disease:Self-diagnosed,164.95489409871868,7.713015788422571e-05,0.7
"contraceptive:Yes, I use a contraceptive patch (Ortho-Evra)",162.25125606837508,0.00011135040135434663,0.604
drinks_per_session:3-4,159.2913327141468,4.932677072320711e-05,0.789
ibd_diagnosis:Ulcerative colitis,156.3964067623686,0.0023651161422444484,0.001
teethbrushing_frequency:Occasionally (1-2 times/week),155.27990789471494,0.0007015520452525563,0.039
vegetable_frequency:Rarely (less than once/week),155.21695514558888,0.004756121889303755,0.001
ibd_diagnosis_refined:Ulcerative colitis,153.4695580561987,0.0023651161422444484,0.001
cancer_treatment:Radiation therapy,153.3278772339706,0.0004592879583933169,0.113
ready_to_eat_meals_frequency:Daily,152.98013613846774,0.0008205631453183048,0.017
teethbrushing_frequency:Rarely (a few times/month),149.08853464034377,0.0008310246510767308,0.021
skin_condition:Diagnosed by an alternative medicine practitioner,147.83412496493023,0.00034863267336679817,0.184
cdiff:Self-diagnosed,147.63866600784536,0.00042284432010615335,0.14400000000000002
level_of_education:Did not complete high school,145.85151576723302,0.008902542859775292,0.001
country:Belgium,145.59363373158442,0.0007807362037029975,0.023
cdiff:Diagnosed by an alternative medicine practitioner,143.7244519437424,0.00010015870543453732,0.63
lung_disease:Self-diagnosed,143.66970735341437,0.00030460993879193797,0.21600000000000003
migraine:Diagnosed by an alternative medicine practitioner,141.95471369178512,6.123484639681245e-05,0.737
"contraceptive:Yes, I use an injected contraceptive (DMPA)",139.0989402397205,0.00016393924453509906,0.45399999999999996
epilepsy_or_seizure_disorder:Diagnosed by an alternative medicine practitioner,136.2089337710062,0.00032096931460667166,0.221
drinks_per_session:2-3,134.69986441896768,9.799653562309894e-05,0.644
lung_disease:Diagnosed by an alternative medicine practitioner,133.64029128496924,9.96843813966246e-05,0.628
diabetes_type:Type I diabetes,132.31535861589117,0.0002935144082002423,0.256
country:Netherlands,130.8612046905718,0.0008373500606594947,0.027999999999999997
thyroid:Self-diagnosed,130.71459605330773,1.670901453960933e-05,0.9209999999999999
country:Ireland,130.64580553784094,0.0004327039458823829,0.139
roommates:More than three,129.98704581610707,0.003498851470274636,0.001
specialized_diet_exclude_dairy,129.61067313287393,0.0006715705550420272,0.036000000000000004
country:Not provided,127.14839726786289,0.00021296758463770868,0.359
diabetes:Diagnosed by an alternative medicine practitioner,125.77262659059744,0.00031754229484991166,0.244
frozen_dessert_frequency:Daily,124.75413897268129,0.0006201865586863098,0.052000000000000005
ibd_diagnosis_refined:Ileal Crohn's Disease,122.23304556829059,0.0007145153359203973,0.033
specialized_diet_fodmap,120.39457083297981,0.00028580227504954085,0.25
country_residence:Spain,111.98218767354341,0.0005389555855108245,0.071
country_residence:Hong Kong,111.41484800891476,0.0003307139651839532,0.193
ibd_diagnosis:Crohn's disease,107.94526218928789,0.00013787049782049542,0.524
country:Thailand,107.67699433575065,0.0011076853571913754,0.005
ibd:Diagnosed by an alternative medicine practitioner,106.68085774666503,0.0002417774206560942,0.33
acid_reflux:Diagnosed by an alternative medicine practitioner,103.76137148815792,5.7084963735809666e-05,0.7829999999999999
country_residence:Netherlands,103.28028380309877,0.000807697572876405,0.019
specialized_diet_paleodiet_or_primal_diet,103.1968922964667,0.0005218535333897745,0.076
roommates:Two,100.34162411449032,0.0012685283987406394,0.003
specialized_diet_kosher,99.74267632706312,8.873827355816498e-07,0.9940000000000001
country_residence:Switzerland,99.31797959082539,0.000885686719431611,0.011000000000000001
sex:other,98.46680815942543,4.3493959436803895e-05,0.795
cancer:Diagnosed by an alternative medicine practitioner,94.86357789606598,0.0004608705697350425,0.1
teethbrushing_frequency:Never,93.91728411573972,0.009046468030683956,0.001
country:Puerto Rico,91.296154429243,7.013746310203642e-05,0.7509999999999999
depression_bipolar_schizophrenia:Diagnosed by an alternative medicine practitioner,91.01125983531388,0.00033714956879658564,0.203
diabetes:Self-diagnosed,90.8141949830192,0.00010919237305186732,0.601
liver_disease:Diagnosed by an alternative medicine practitioner,90.21843740475543,0.0001198148115944107,0.568
"alzheimers:Diagnosed by a medical professional (doctor, physician assistant)",89.69154997631465,1.9577637370891047e-05,0.902
country_residence:Czech Republic,89.34634152006846,0.00011388625345785093,0.579
country:Italy,89.30234948559291,0.0002452990667440729,0.321
cancer_treatment:No treatment,88.44927580933143,0.0003466397901905683,0.198
country:Hong Kong,86.09297883984556,0.00027969169498212365,0.254
country_residence:United Arab Emirates,85.24022323055095,0.000287598724324765,0.255
country_residence:Sweden,84.00637062094553,0.0009143349529271877,0.008
cardiovascular_disease:Self-diagnosed,83.21928464184175,4.962941790681145e-05,0.8
country_residence:Denmark,81.89515263753106,0.0001285412518308978,0.5489999999999999
country_residence:Norway,77.59961865694692,0.00039757654619703396,0.141
country:Jersey,77.08022811421361,3.273289273888149e-05,0.855
country_residence:Italy,76.61699930936257,0.0001039962177526804,0.618
country:Sweden,72.73850001191599,0.0012692167190833518,0.003
epilepsy_or_seizure_disorder:Self-diagnosed,72.1449269154025,0.0003856634338007265,0.157
mental_illness_type_schizophrenia,72.1401117512757,0.00016730596885225214,0.44799999999999995
liver_disease:Self-diagnosed,71.47071141169714,8.89861261352435e-05,0.67
asd:Diagnosed by an alternative medicine practitioner,67.78235576112888,8.082316671519098e-05,0.6659999999999999
country:United Arab Emirates,65.4543453028728,0.00022042807455939576,0.349
country:China,65.34600226135315,0.00034638283351866067,0.166
mental_illness_type_bipolar_disorder,63.90854990966887,0.00021177930098966637,0.401
country_residence:France,63.20047943118508,0.00034823341596167313,0.198
country_residence:Greece,62.710695727888215,7.539947759487023e-05,0.7390000000000001
diabetes_type:Gestational diabetes,62.596352242102846,6.625589054644111e-06,0.9640000000000001
country_residence:Jersey,60.9481055618125,0.0002791607566054586,0.268
collection_month:Not provided,58.51080283607461,0.00025642450088299404,0.307
country_residence:Belgium,57.0279635029418,0.0006488981564746213,0.039
cardiovascular_disease:Diagnosed by an alternative medicine practitioner,56.90531621280821,5.6579690175951914e-05,0.77
specialized_diet_raw_food_diet,55.8744020333093,0.000385069925318449,0.16
alzheimers:Diagnosed by an alternative medicine practitioner,54.67552207604544,0.00034101754236687335,0.20199999999999999
country:Denmark,54.6235192887053,2.803609177124923e-05,0.88
country_residence:Malta,54.03675102318068,0.000305569668576931,0.256
country_residence:Saudi Arabia,53.57546632617827,0.0001506749902776892,0.552
country:Malta,53.220085891078995,0.000305569668576931,0.256
country:Slovakia,52.39373845858507,7.830279101970091e-05,0.6829999999999999
country_residence:Slovakia,52.3283180504778,0.00030829386644681925,0.235
"country_residence:Tanzania, United Republic of",51.05758747433231,7.129576715679026e-05,0.7140000000000001
country:Norway,50.40121018320526,0.00043133855028959836,0.129
country:Croatia,49.97227159630185,0.00017851713274315916,0.446
country:Georgia,49.891394991175595,1.4354549156745167e-05,0.955
country_residence:Croatia,49.85675397574951,0.00017851713274315916,0.446
country_residence:Georgia,49.533923512139864,1.4354549156745167e-05,0.955
pku:Diagnosed by an alternative medicine practitioner,49.15653375416915,9.047400172909163e-05,0.659
country_residence:China,48.76412549889331,0.0009469519744661496,0.012
country_residence:Brazil,47.0077063180145,1.00951168995638e-05,0.96
country_residence:Mexico,46.942687393016904,9.111423875603406e-05,0.682
country_residence:Puerto Rico,45.323723850205646,0.0001441011329137227,0.5489999999999999
country_residence:Isle of Man,43.878538334886635,4.5262201431571944e-05,0.8240000000000001
country:Oman,41.59376800704969,0.0004930427245006571,0.098
alzheimers:Self-diagnosed,38.67701029031458,0.00014600189951309908,0.52
country:Poland,38.5253281224604,0.0002444821251913793,0.331
country:Finland,36.834524177078585,0.00016020376442842725,0.493
country:Spain,33.56944819939751,0.00025563054575484926,0.299
country:Japan,29.38636154105663,1.3962709297915195e-05,0.946
country_residence:Morocco,29.071457953323073,0.0014639421246943679,0.002
country:Morocco,28.316114211476926,0.0014639421246943679,0.002
ibd_diagnosis_refined:Colonic Crohn's Disease,26.939843763921814,0.00037073905823641957,0.163
country_residence:Singapore,22.82672812028589,1.2715252928637027e-05,0.95
country:Isle of Man,21.10458750783959,0.00018752865008775336,0.41600000000000004
country:Greece,19.600663643210225,0.00027246239954012435,0.267
"pku:Diagnosed by a medical professional (doctor, physician assistant)",17.37118254622611,8.271378200725465e-05,0.65
kidney_disease:Diagnosed by an alternative medicine practitioner,15.714313100763349,9.495271162355338e-06,0.9590000000000001
country:Singapore,15.1895880055622,0.0008031634283112129,0.026000000000000002
country:Brazil,8.983887202209717,0.00010440207042460931,0.6579999999999999
country_residence:Serbia,0.0,0.00025801678645590676,0.263
country:Israel,0.0,0.00019037015389596155,0.442
country:India,0.0,0.0007774956408914659,0.025
country:Latvia,0.0,0.00034608410577757434,0.184
pku:Self-diagnosed,0.0,7.128985554897379e-05,0.73
country_residence:Romania,0.0,0.0005797951806305246,0.038
country_residence:Japan,0.0,0.0002190916154661566,0.384
country_residence:Portugal,0.0,0.00047092152612087263,0.085
country:Portugal,0.0,0.00047092152612087263,0.085
country:Romania,0.0,0.0005797951806305246,0.038
country:Serbia,0.0,0.00025801678645590676,0.263
ibd_diagnosis:Not provided,0.0,0.0021600240722741445,0.001
country_residence:Thailand,0.0,7.349704834739902e-05,0.754
country:United States Minor Outlying Islands,0.0,0.00031713384942163236,0.205
ibd_diagnosis_refined:Not provided,0.0,0.002564578011241339,0.001
ibd_diagnosis_refined:Microcolitis,0.0,0.0006586109930802486,0.034
country_residence:Finland,0.0,0.0004006566235352784,0.131
age_cat:baby,0.0,0.002673345656273473,0.001
ibd_diagnosis_refined:Ileal and Colonic Crohn's Disease,0.0,0.0003897502934451488,0.14300000000000002
diabetes_type:Not provided,0.0,0.0015314109014391807,0.001
country_residence:India,0.0,0.0003275828794471027,0.188
country_residence:Israel,0.0,0.00019037015389596155,0.442
specialized_diet_halaal,0.0,0.0003420416382101809,0.18100000000000002
