name,SAFE total score,number of enriched nodes,number of enriched samples,SAFE enriched score,enriched abundance ratio,enriched SAFE score ratio
Faecalibacterium,142.25808274635847,284,602,122.4648083947506,0.6916334723159467,0.8608636221612895
unclassified_Ruminococcaceae,119.01005169745811,198,352,107.2917458477067,0.47868757798928335,0.9015351587314561
unclassified_Veillonellaceae,111.90612907502131,213,424,102.76825814362047,0.6679289593424336,0.9183434275947937
unclassified_Clostridiales,105.1954418371244,179,306,95.78718324528643,0.5727586724733443,0.910564008976692
Coprococcus,110.45765618476406,244,515,94.34253667184944,0.6076120133759754,0.8541059074623254
Roseburia,105.62387162477293,198,381,92.54958091216679,0.5764577729208697,0.876218410559193
unclassified_Lachnospiraceae,122.40540002950831,275,573,90.40263992144895,0.5889446605445239,0.7385510761751978
Ruminococcus,107.31003473577854,274,586,90.24860796887891,0.6407805808222549,0.8410080957581582
Bacteroides,95.88440772750653,177,294,83.95748216432403,0.4592644369992115,0.875611417478037
Blautia,106.74098024662982,287,619,83.48460822516515,0.6032847185614714,0.7821233047726395
Alistipes,97.74700279111023,209,381,80.2063996930913,0.4805121461246158,0.8205509877831856
unclassified_Clostridiaceae,93.10770195782086,163,284,79.44282961269354,0.43702518545039554,0.8532358542012163
unclassified_Thermoanaerobacteraceae,85.65955318969111,187,336,74.21977547232686,0.6306068601583114,0.8664506492109394
Methanobrevibacter,88.33670624492996,165,304,73.79153226401723,0.5861951988505977,0.8353439402575922
Sporobacter,94.4204265867842,200,339,73.1010872950809,0.5070588235294118,0.774208398941005
unclassified_Oxalobacteraceae,83.23692532104218,167,274,71.18397704028575,0.4959409594095941,0.8551970987122772
unclassified_Natranaerobiaceae,86.3967635007341,212,431,70.59989037565896,0.6229029905178701,0.8171589711813578
unclassified_Erysipelotrichaceae,87.53295434471391,232,487,68.90675524443263,0.5356309924850998,0.7872092946054423
Anaerostipes,90.20598693190344,246,542,68.60866346032525,0.5884680658724,0.7605777154471794
unclassified_Porphyromonadaceae,83.63466904513587,183,306,66.77287564345578,0.49713452644279105,0.7983875156774981
Prevotella,73.01746127176038,130,189,66.23976717090062,0.6061984575544255,0.9071770781562212
unclassified_Victivallaceae,77.64300741617106,171,292,65.18940602991246,0.6092362344582594,0.8396043404204249
unclassified_Gracilibacteraceae,75.70649638122087,160,281,65.14882732850089,0.5803092314688495,0.8605447411070679
unclassified_Rickettsiaceae,72.46107123700811,139,250,63.23281096084447,0.611159169550173,0.8726452684369026
Howardella,85.92545546255141,255,466,62.58507213241179,0.5925612848689772,0.7283647412225591
unclassified_Coriobacteriaceae,79.51637103135752,191,381,62.288567440410624,0.4495184135977337,0.7833426831796303
unclassified_Incertae,77.21167241966046,160,290,61.77109755317147,0.6053362979433018,0.8000227895263496
unclassified_Cryomorphaceae,71.525871513653,157,274,56.67215454884886,0.45542635658914726,0.7923308496567031
unclassified_Peptococcaceae,72.74576761239595,123,210,56.6622958753408,0.3898203592814371,0.7789084882195331
Peptococcus,71.80033818720631,195,373,54.74979588700621,0.6494602551521099,0.7625283845356841
unclassified_Bacteroidaceae,69.01251699367633,175,372,54.5437665385973,0.47573703054772604,0.790345996851487
Gemmiger,81.32692096751049,242,549,53.911754187062755,0.593238086053208,0.6629017002697066
unclassified_Sutterellaceae,67.59898706065073,195,365,52.55726494722968,0.44844850065189046,0.7774859836298226
Enterorhabdus,64.6168083087245,173,384,52.55667275293542,0.5259439707673569,0.8133591572928134
Clostridium_IV,73.9944162295663,187,360,52.519451755826815,0.5183190350254789,0.7097758781268872
unclassified_Acetobacteraceae,66.76220483924455,197,368,49.78747350958848,0.581081081081081,0.7457433982216555
unclassified_Thermoactinomycetaceae,56.479879793653296,124,222,48.31582199460277,0.3840406930535686,0.8554519267945055
Clostridium_XlVb,71.80532426435887,201,401,48.09793929318991,0.4655120208320717,0.6698380626499544
unclassified_Bryobacter,70.58447010736577,195,449,47.98009147339461,0.6436781609195402,0.6797542207288979
unclassified_Heliobacteriaceae,59.24289542929887,128,227,47.822237090460725,0.6288244766505636,0.8072231572059525
Bilophila,65.50977738960104,178,288,47.368685808377684,0.36478715603411677,0.7230781067483362
Odoribacter,67.32426125649224,188,339,47.29899559632437,0.4235567653396847,0.7025549885519645
unclassified_Eubacteriaceae,64.99668869739104,132,238,47.119488526670395,0.42468983902389007,0.7249521394243238
Clostridium_sensu_stricto,62.93862153000073,209,441,46.58911848401558,0.48009839762205747,0.740230995713945
Turicibacter,63.34586191756378,184,457,46.37895188328203,0.568870523415978,0.7321544056601214
Clostridium_XI,66.46651354941092,171,395,46.338035811525096,0.47053933284838406,0.6971636292774346
unclassified_Bdellovibrionaceae,66.35786582972088,186,399,46.31195445498328,0.5340159495914147,0.6979120542216221
unclassified_Bacillaceae,82.97126623226906,220,447,45.71272949244337,0.6423357664233577,0.5509465091743393
unclassified_Hyphomicrobiaceae,71.32952556571134,224,531,45.617952111695764,0.5447382084355625,0.63953814006054
unclassified_Acidaminococcaceae,59.53665465609438,146,261,45.15193034597108,0.4130226816849252,0.7583887708636846
Dorea,72.34555301795953,207,416,45.0667293177687,0.4135605577326164,0.6229371044628139
unclassified_Thermoplasmatales,55.96979534432814,155,264,45.00669265021,0.5371127995324372,0.8041246599764614
unclassified_Chitinophagaceae,49.934583590813105,119,206,43.38489945047663,0.5,0.8688347099475667
Cerasicoccus,52.894078974335926,123,210,43.26311277632862,0.6475011057054401,0.8179197674907955
unclassified_Thiotrichaceae,48.298218444798955,112,205,40.42885408245283,0.6111111111111112,0.8370671917983852
unclassified_Desulfomicrobiaceae,48.043381372943195,133,316,40.33059035152547,0.5406301824212272,0.8394619445799173
Victivallis,53.579724762564545,130,227,39.995403011502326,0.49428230073391366,0.7464652569370157
unclassified_Cytophagaceae,52.6987651719463,154,301,39.85570917184855,0.7161621930325528,0.7562930372620073
unclassified_Bifidobacteriaceae,60.14392973283849,179,369,38.67876053179205,0.549618320610687,0.643103314060197
Desulfovibrio,61.26966796265718,169,299,38.61590704555017,0.4464031339031339,0.6302614055144857
Mogibacterium,50.92347827758718,156,316,38.42235941853096,0.5713656387665198,0.7545116853386995
unclassified_Streptococcaceae,52.20208640788039,174,316,37.625346130048094,0.5897435897435898,0.720763262909894
Barnesiella,60.81510776505634,98,146,36.85224826987279,0.22607794624542704,0.6059719307288257
unclassified_Halomonadaceae,46.42149359868293,149,321,36.72032766376075,0.5058823529411764,0.7910199525506559
unclassified_Verrucomicrobiaceae,43.983516744562515,112,187,36.22337176930081,0.4714285714285714,0.8235669735021574
unclassified_Planococcaceae,51.05166508052703,173,356,35.9334645395792,0.7269503546099291,0.7038646924228439
Anaerosporobacter,56.3673554465719,192,402,35.52525527298947,0.5139664804469274,0.6302452011725523
Catenibacterium,42.266411158021455,121,224,35.01370711454869,0.3887490165224233,0.8284050184351569
unclassified_Bacillales,48.925368956588756,145,240,34.206678034539884,0.5344827586206896,0.6991603489979055
Slackia,56.17114707352812,220,448,34.100647126020455,0.5083713850837138,0.607084756189555
unclassified_Hyphomonadaceae,51.95059914702307,188,402,33.53451696970845,0.5801980198019802,0.6455078001084051
unclassified_Prevotellaceae,50.01406910795904,139,253,33.42838165477853,0.38483382532858923,0.6683795630109783
unclassified_Pseudomonadaceae,42.20641586753971,165,375,32.161858984784615,0.65,0.7620135072762668
Pelomonas,45.742061080359754,182,402,32.11892075705599,0.5294117647058824,0.7021747599136252
Parabacteroides,48.28627045633511,114,172,32.08091288440084,0.24401594592252362,0.6643899514544481
Pseudobutyrivibrio,44.85395944673806,187,408,31.574224991085394,0.6732283464566929,0.7039339532238683
unclassified_Dehalogenimonas,35.247515934340115,118,236,30.44905455282318,0.6666666666666666,0.8638638424774212
unclassified_Marinilabiaceae,42.20514633431398,102,222,30.426898114226006,0.30594150402768017,0.7209286249882773
unclassified_Rhodospirillaceae,65.46134758770705,204,445,29.856673550150468,0.5493695058110822,0.4560962254886002
Butyricicoccus,60.945938460080356,200,412,29.63039151426582,0.46143666296119845,0.48617499808742387
Collinsella,48.374437959784316,163,343,29.595160991036064,0.365888,0.6117933817781976
unclassified_Puniceicoccaceae,53.22043855553237,94,140,29.24394910555496,0.27909692487349164,0.5494871876157247
unclassified_Syntrophomonadaceae,40.00074890289018,126,302,29.242333651363108,0.56,0.7310446542477173
Vagococcus,36.21220440387225,141,379,29.152119034624086,0.75,0.8050357473268539
unclassified_Simkaniaceae,44.15343726735165,161,350,29.096623434255328,0.5818181818181818,0.6589888632695473
unclassified_Prolixibacter,33.734099192357355,93,181,29.07869611931944,0.5532425940752602,0.8619971131734674
unclassified_Waddliaceae,39.89817868103171,172,390,29.07697564920027,0.75,0.7287795235381
unclassified_Ignavibacteriaceae,43.3196786322551,153,339,29.00496580617873,0.6875,0.6695563476452506
Eubacterium,36.70284173575469,138,347,28.930848201577295,0.44372574385511,0.7882454554845497
Olsenella,46.634386514680486,142,345,28.42803339640649,0.554399243140965,0.6095938109415754
Anaerophaga,38.096558793818886,153,367,28.337771121255038,0.7272727272727273,0.7438407042121821
unclassified_Methanomicrobiales,32.98026617289486,124,211,28.027937260204578,0.7142857142857143,0.8498396317747006
Allobaculum,49.43519404776569,172,367,27.76797929571094,0.005812601720530109,0.5617046687200363
Sutterella,40.48144776620784,121,215,26.9289820787647,0.26680543324526995,0.6652178606429152
unclassified_Cellulomonadaceae,36.54194039785713,179,395,26.894412539980195,0.5555555555555556,0.7359875323303116
unclassified_Rhodocyclaceae,41.05416775473337,142,288,26.887461873646743,0.4075471698113208,0.6549264872272739
unclassified_Micrococcaceae,36.43722332001414,114,228,26.50836185833289,0.64,0.7275077364024182
unclassified_Xanthomonadaceae,39.338671238865615,149,302,25.97503379812204,0.5,0.6602926072515475
unclassified_Thermoplasmataceae,29.00071826174994,127,336,25.858921572953776,1.0,0.891664866351259
unclassified_Bradyrhizobiaceae,34.42031798659808,141,264,25.76007793418985,0.45348837209302323,0.7483974420056146
unclassified_Desulfohalobiaceae,42.61734378955653,179,401,25.74717702676384,0.6142857142857143,0.6041478594701447
unclassified_Methanomicrobiaceae,34.21759301598848,113,202,24.981526713115645,0.46153846153846156,0.7300784336713223
unclassified_Mariprofundaceae,32.659948688748855,112,261,24.77256288424755,0.7058823529411765,0.7584997490452745
unclassified_Kofleriaceae,48.666262781271456,144,260,23.62933936451829,0.46774193548387094,0.4855383999942506
Akkermansia,40.25497394828909,77,134,23.431598427983165,0.243279012345679,0.5820795824655862
unclassified_Thiotrichales,34.70041962320852,114,220,23.335464069123468,0.4166666666666667,0.6724836276480103
Mitsuokella,35.80079796567672,114,192,23.303324118680322,0.5761208343322944,0.6509163326756544
unclassified_Deferribacteraceae,45.025963463147065,173,431,23.074831391285606,0.6923076923076923,0.5124783484127317
unclassified_Hahellaceae,28.881223484435235,121,321,22.59433212755497,0.9,0.7823190779896005
unclassified_Desulfurellaceae,23.736141223355386,94,238,22.56788841574787,1.0,0.9507816878651698
unclassified_Halobacteroidaceae,30.835120184214908,85,193,22.429575643912674,0.328125,0.7274035421270972
Papillibacter,48.34768744775241,148,297,22.382816978503673,0.5964912280701754,0.4629552758380009
Oscillibacter,36.24281084588165,71,104,21.90953793882439,0.17559171066336243,0.6045209360828043
Streptococcus,46.249337158080316,164,367,21.849574196321843,0.38714019972586644,0.47242999659951795
Pseudomonas,27.31063734829418,144,328,21.634978550734292,0.5039370078740157,0.7921813861325214
Peptostreptococcus,25.374330732275315,106,176,21.497278647402787,0.12777053455019557,0.8472057400930364
unclassified_Oleiphilaceae,35.37141473427972,117,233,21.480674357195834,0.5517241379310345,0.6072890925784242
unclassified_Pseudomonadales,22.53871764054701,91,233,21.39731446821193,1.0,0.9493581138670595
Megasphaera,34.854414403937746,93,178,21.30440566620259,0.24566233766233767,0.6112398108113296
unclassified_Beutenbergiaceae,29.842371628067923,76,111,21.208888833394536,0.3333333333333333,0.7106971623343348
Dialister,27.96704032278352,68,113,20.908841982592456,0.16760914856109344,0.7476244086350081
unclassified_Gilvimarinus,31.671712420519754,101,157,20.883800206615753,0.5483870967741935,0.6593833616992989
unclassified_Sphingobacteriaceae,41.638741541714595,114,281,20.80390078478493,0.5135678391959799,0.4996284713346375
Facklamia,24.13204609250667,100,229,20.71210289804502,1.0,0.8582820875879402
Porphyromonas,35.69648995308469,87,175,20.694605132763964,0.3482142857142857,0.5797378162380262
unclassified_Desulfovibrionaceae,37.54640010956711,120,235,20.57849871558667,0.4031074014481094,0.5480818042617915
Veillonella,25.36366880427532,84,165,20.44218092350693,0.10887200068311843,0.8059630915879638
unclassified_Enterococcaceae,30.46160070540664,99,228,20.237648203624797,0.3678571428571429,0.6643658814696763
unclassified_Ectothiorhodospiraceae,28.30329643498512,115,239,20.091124708623735,0.5333333333333333,0.7098510505578252
Granulicatella,44.03174698229051,146,373,19.698551127548438,0.5357142857142857,0.44737155524333755
unclassified_Thermofilaceae,24.077134129505406,121,340,19.317599970872344,0.6666666666666666,0.8023214003364099
unclassified_Rhodobacteraceae,40.65233382747098,114,221,19.315944451077623,0.3880597014925373,0.4751497056246447
unclassified_Syntrophorhabdaceae,30.122291602176116,86,170,19.233010761144296,0.5714285714285714,0.6384975955732017
unclassified_Ferroplasmaceae,37.95375567255557,144,325,19.180741007351333,0.5128205128205128,0.5053713569964555
unclassified_Syntrophaceae,34.46126311531441,87,191,19.174170178827328,0.4528301886792453,0.556397776676573
Proteus,20.92027557699686,90,206,19.03718390413364,0.14285714285714285,0.9099872434312579
Geobacillus,20.742142064605655,79,196,18.91358571990152,1.0,0.9118434181480041
Parvimonas,20.685128412871677,68,116,18.83601003139336,0.09508196721311475,0.9106063861644837
Hespellia,28.772687829635423,112,191,18.539119936224928,0.3333333333333333,0.6443304861191982
Pseudoflavonifractor,46.81045608760742,115,212,18.398220839836863,0.2599410898379971,0.3930365644249213
Psychrobacter,23.166929602661387,111,297,18.329978661115923,0.8,0.7912131204046219
Abiotrophia,27.59034462417651,91,175,18.2793335250038,0.3333333333333333,0.6625264661966644
unclassified_Bogoriellaceae,19.409482516915755,91,262,18.24783660140918,0.5,0.9401505983225376
Paraprevotella,31.80987817472254,140,273,18.190861630674263,0.3294744535873435,0.571862033886363
unclassified_Microbacteriaceae,23.91895905185764,82,133,18.073021490594694,0.21428571428571427,0.7555939809676238
unclassified_Conexibacteraceae,28.54119854864846,89,204,18.031614873698555,0.7368421052631579,0.6317749705907997
Lactobacillus,25.742033787224212,75,118,18.021548864785863,0.11953750370589979,0.7000825581127925
unclassified_Aerococcaceae,25.549687269752685,75,138,17.94977575770507,0.4823529411764706,0.7025438537932766
unclassified_Succinivibrionaceae,23.535370688209657,75,138,17.837281774429478,0.3,0.7578925359083165
Cellulosilyticum,19.275137642126833,94,247,17.8355764406533,0.3764705882352941,0.9253151272794391
unclassified_Thermoleophilaceae,22.169434289576067,101,275,17.73663752719296,1.0,0.8000491711027836
Enterococcus,25.106789255616352,91,210,17.717122881605896,0.3576276187665978,0.7056705937674846
Thermogymnomonas,24.14299256232112,71,109,17.642792263697366,0.6557377049180327,0.7307624445542711
Rikenella,27.31763033216548,75,146,17.60551030629645,0.1724137931034483,0.6444742861011127
Rothia,33.87895208921666,89,159,17.60539559518377,0.26785714285714285,0.519655848528662
unclassified_Vibrionaceae,24.947410889226834,89,147,17.49491117027174,0.2727272727272727,0.7012716168404737
Succinivibrio,21.330942516631204,84,180,17.446825656841884,0.2101113172541744,0.8179116156371914
Actinobacillus,33.857654049635855,104,289,17.05143307637406,0.5444444444444444,0.5036212211093063
unclassified_Brucellaceae,23.423826633203728,98,275,16.967507375785168,0.8571428571428571,0.724369576392501
Lactonifactor,35.30509546323418,103,221,16.879633048179326,0.2222222222222222,0.4781075600194125
Clostridium_XlVa,35.32059304379746,106,323,16.718786698131083,0.29840634054883247,0.47334388404520344
unclassified_Marinifilum,18.941235636081156,78,220,16.536887940176957,1.0,0.8730627852322286
Brevibacterium,24.320886385646908,99,223,16.512822794520464,0.4166666666666667,0.6789564546572442
unclassified_Intrasporangiaceae,17.054262015659084,85,262,16.32918002875604,1.0,0.957483825085056
unclassified_Euzebyaceae,30.486059972770708,99,197,16.251151794929022,0.3684210526315789,0.5330682879140202
Streptophyta,36.3125344960641,157,384,16.21490852554564,0.48335015136226034,0.4465375042136804
unclassified_Anaplasmataceae,28.38842731348172,81,170,16.204978606738344,0.328125,0.5708304453710462
Capnocytophaga,18.613067645090787,75,170,16.130139911475606,0.4666666666666667,0.8666029812517199
unclassified_Flavobacteriaceae,20.157307832003912,90,182,16.106020646500514,0.8176121372031663,0.7990164550113613
unclassified_Flammeovirgaceae,26.685865022183258,122,314,16.026160158199723,0.42105263157894735,0.6005486479406831
Robinsoniella,21.187501331047276,83,193,15.997940475935735,0.38461538461538464,0.7550649897773941
Synergistes,18.044373009178283,83,221,15.881717126166713,1.0,0.8801479063910098
unclassified_Methanocellaceae,19.766435322509416,62,95,15.826807288272084,0.5833333333333334,0.8006910214230178
Mucispirillum,18.430565986157543,78,154,15.797060061526933,0.5,0.8571120427550336
unclassified_Peptostreptococcaceae,31.65146528445536,88,161,15.449372873984688,0.2439784402897086,0.48810924660641763
unclassified_Sedimenticola,17.71472409696115,83,221,15.435925322977011,1.0,0.8713613172008109
Treponema,18.114405646329,69,152,15.432895330756113,0.51996151996152,0.8519680762412255
Stenotrophomonas,16.8510048383152,79,222,15.21039041342226,1.0,0.9026399647596938
unclassified_Aquificaceae,20.310155942300582,78,163,15.09561211166944,0.6,0.7432543676451715
unclassified_Methermicoccaceae,16.47582046853437,71,180,15.063988058286226,1.0,0.9143088252907058
unclassified_Helicobacteraceae,19.454688097789635,53,77,14.988166383222278,0.5555555555555556,0.7704141185859039
unclassified_Methylocystaceae,18.85300566752234,84,223,14.832018145154676,0.8046709129511678,0.7867190201244924
unclassified_Burkholderiales,28.22911865524787,85,227,14.784287764918561,0.5994865211810013,0.5237247377601044
unclassified_Methanosarcinaceae,30.80750841284194,99,160,14.774081385620391,0.4375,0.47956105984416114
Acinetobacter,16.24958075154001,66,175,14.771462110634733,1.0,0.9090365060178435
unclassified_Staphylococcaceae,17.344044606754963,93,224,14.755648610039593,0.8333333333333334,0.8507616847510141
unclassified_Leptotrichiaceae,17.420834814465707,44,70,14.685308352703721,0.32,0.8429738591235312
Carnobacterium,21.8842025986733,78,198,14.579722003081525,0.6666666666666666,0.6662213044931964
unclassified_Moraxellaceae,17.69941647196913,63,115,14.568275404410738,0.8,0.8230935425177868
Schwartzia,16.030169953712235,72,182,14.427642304886922,0.9538461538461539,0.9000305265974923
Helicobacter,17.386469190305476,65,157,14.36966269925617,0.6451612903225806,0.8264853859614321
unclassified_Oceanospirillaceae,14.99609728945694,70,169,14.304386033470278,0.6,0.953873915150379
unclassified_Nannocystaceae,28.89385258318655,100,237,14.17869536221035,0.34615384615384615,0.4907166782757447
unclassified_Methylococcaceae,18.626845226277702,87,209,14.045851114566936,0.25,0.7540649500191177
Haemophilus,29.7038286658888,70,127,14.033974137222309,0.21428571428571427,0.4724634758393488
unclassified_Beijerinckiaceae,19.36276994533724,95,233,13.972138017473752,0.8285714285714286,0.7215981007324
unclassified_Elioraea,15.95751778083137,55,108,13.919842808172017,0.25259515570934254,0.8723062696438247
Neisseria,27.29683017644702,114,257,13.838110467681556,0.3,0.5069493555930067
unclassified_Saprospiraceae,25.173942920496376,94,198,13.808443898188,0.375,0.5485213000520988
Sarcina,16.646110702707567,89,270,13.759853298082037,0.7358490566037735,0.826610704676134
unclassified_Aurantimonadaceae,17.03212444449626,74,199,13.679345186632732,1.0,0.8031496735014203
Anaerobiospirillum,15.347092127601604,75,158,13.674684834669103,0.7,0.8910277413449098
Catonella,15.031152695100998,51,138,13.538800006018278,1.0,0.9007160183018357
Gardnerella,23.828171920051915,96,268,13.497344300770093,0.6,0.5664448093649933
unclassified_Alteromonadaceae,22.465239826815356,66,137,13.462351099354422,0.34615384615384615,0.5992524986661951
unclassified_Spirochaetaceae,15.191540090255238,69,162,13.41413933473229,1.0,0.8830006210717847
unclassified_Sinobacteraceae,15.404467264241115,100,238,13.327778467931875,0.75,0.8651891843653741
unclassified_Arenicella,14.565352072925254,67,204,13.27378513058447,1.0,0.9113260746548236
unclassified_Lentisphaeraceae,29.40541070935392,105,206,12.944931886507657,0.4090909090909091,0.4402227880595406
Methanocorpusculum,28.275476303199873,105,297,12.863072002355384,0.8888888888888888,0.45491972847508494
unclassified_Halanaerobiaceae,21.661362528805988,84,218,12.792794877201644,0.5,0.5905812646914231
Herbaspirillum,24.237719038771722,116,228,12.76821999024798,0.7,0.5267913193408742
unclassified_Corynebacteriaceae,15.34336553587465,50,96,12.767590537482342,1.0,0.8321245105990707
Scardovia,15.579016885425997,68,145,12.647845130721244,0.16279069767441862,0.8118513012559327
Bacillus,14.343335209262861,65,165,12.385996659052537,1.0,0.8635367212957358
Phascolarctobacterium,38.5806758876229,78,131,12.347359674535438,0.18751386608687937,0.32004000423685175
Pantoea,13.321446086832916,66,161,12.309568444160394,0.9166666666666666,0.9240414564547408
unclassified_Desulfobulbaceae,22.901304439846946,119,293,12.300085381687508,0.42857142857142855,0.5370910383727343
unclassified_Kineosporiaceae,13.738348877603677,64,188,12.246811186655865,0.5,0.891432536454266
unclassified_Opitutaceae,15.868865881405025,67,162,12.116655926322174,0.6666666666666666,0.7635489528284657
unclassified_Carnobacteriaceae,27.15214594767927,87,160,12.02579721339058,0.38578680203045684,0.44290411654989065
unclassified_Rhodobiaceae,22.7599984269011,77,228,11.877441916038876,0.38061041292639136,0.5218560077754828
Oribacterium,27.74116928575792,97,216,11.874168392722872,0.28169014084507044,0.42803417081698025
unclassified_Ktedonobacteraceae,13.050144955707946,60,169,11.84877283421082,1.0,0.9079418561575698
Moryella,13.686772894366504,64,165,11.801168467481716,1.0,0.862231627467063
unclassified_Caldisphaeraceae,13.41037641283604,56,140,11.718053869730706,1.0,0.8738049931629444
Campylobacter,15.86914640199407,76,148,11.698048232553628,0.49158249158249157,0.7371567402695135
unclassified_Halobacteriaceae,40.71612217162551,77,140,11.657532839483745,0.1827956989247312,0.28631245358644974
Fructobacillus,13.23808420798576,76,245,11.640721823153802,1.0,0.8793358344201827
unclassified_Desulfarculaceae,17.087654182243142,64,112,11.490370742971415,0.75,0.6724369899123885
unclassified_Thermotogales,23.678533034650066,101,199,11.451042718749115,0.3333333333333333,0.48360439821133305
unclassified_Desulfobacteraceae,18.273200426396443,47,105,11.328682992309801,0.2823529411764706,0.6199616229210193
Weissella,18.75636735378275,101,286,11.298712502851004,0.24888888888888888,0.6023934320401493
Staphylococcus,25.41328875850277,87,228,11.172410323925982,0.3333333333333333,0.43962866947663043
Aquabacterium,27.667763330501774,119,302,11.1662658940929,0.5102040816326531,0.4035839746316925
Actinobaculum,16.057664808341087,109,313,10.995435835400693,0.5,0.6847468773721793
Aerococcus,14.343549777333918,70,191,10.944459911820983,1.0,0.7630231066730586
Gallicola,12.456846856576565,52,78,10.889214672175559,1.0,0.8741549765803391
Clostridium_XVIII,24.619447029711253,49,89,10.789736129464812,0.10776640577965081,0.4382607016495349
unclassified_Pseudonocardiaceae,12.93558065995774,62,189,10.714956335998373,1.0,0.8283320724184158
unclassified_Chrysiogenaceae,12.158826793387291,52,78,10.66688552168041,0.5,0.8772956225909649
Gordonibacter,27.687348453606294,76,154,10.64103976513228,0.21946902654867256,0.38432859625264254
Cloacibacillus,22.090148954371628,48,70,10.546867660662349,0.15877437325905291,0.4774466520097923
Methanosphaera,22.701823061988478,45,57,10.53971321612374,0.16135982762748385,0.4642672611509886
Hydrogenoanaerobacterium,39.82741310829461,60,130,10.448085051495813,0.22448979591836735,0.2623340115785691
unclassified_Fusobacteriaceae,12.169904652501154,46,77,10.421992698628031,0.0747800586510264,0.856374227754209
Anaerotruncus,13.345368732180926,50,89,10.419764397633097,0.12490302560124127,0.7807775571241394
unclassified_Chloroplast,12.509135816979185,50,129,10.374388331898931,0.45454545454545453,0.8293449270746049
Hallella,24.332742013890886,71,165,10.346713514995715,0.29411764705882354,0.4252177378566322
Filifactor,11.820978415857713,35,50,10.340612496186997,1.0,0.8747679026564484
unclassified_Haloplasmataceae,12.033027929754622,39,62,10.27530893244445,0.5428571428571428,0.8539254618562149
Streptobacillus,11.040420929734918,39,62,10.274909789188186,0.7941176470588235,0.9306628664415323
unclassified_Anaeroplasmataceae,16.080640336043533,55,121,10.266879806060103,0.4596674112683048,0.6384621253575128
Succinatimonas,22.103175150317924,64,108,10.215335736721912,0.23357664233576642,0.4621659859839177
unclassified_Erythrobacteraceae,13.193837505065563,61,181,10.032041320385723,1.0,0.7603581078313327
unclassified_Simiduia,11.575816683996951,61,166,9.991202838433411,1.0,0.8631099741105784
Yersinia,11.217969886164422,47,97,9.913514218568977,0.72,0.8837173141992222
unclassified_Parachlamydiaceae,11.621024922135733,35,50,9.913514218568977,1.0,0.85306711628212
unclassified_Desulfuromonadaceae,10.518807963673915,36,57,9.91021050426192,1.0,0.9421419744980848
Atopobium,24.522950628786955,85,226,9.789433263805185,0.2727272727272727,0.3991947548234095
unclassified_Leptospiraceae,10.362496751853556,49,126,9.671021414007702,1.0,0.9332713578199995
Ralstonia,12.888480905598254,51,131,9.671021414007702,0.5,0.7503616201818624
unclassified_Caldisericaceae,32.61290227132442,95,199,9.496966998047998,0.5185185185185185,0.2912027552481401
Arcanobacterium,11.890735454733335,58,149,9.475606614647337,0.5384615384615384,0.7968898686477286
unclassified_Geminicoccus,16.595881971143974,68,155,9.454422774803845,0.3726053639846743,0.5696848646696021
Selenomonas,21.951519048240478,101,260,9.320756084683872,0.8,0.4246064276554463
Oxalobacter,12.516962180493586,49,126,9.288729114904395,0.3333333333333333,0.7420913302254709
unclassified_Rikenellaceae,31.428064265133504,60,119,9.268901481188285,0.2479089365448714,0.2949243517829784
Buttiauxella,11.039286645626149,44,82,9.216858087967898,1.0,0.8349142824024494
unclassified_Thermaceae,11.16064312044677,37,65,9.216482423726708,1.0,0.8258020908169461
Holdemania,24.258985632774525,46,96,9.139468534828458,0.15547263681592038,0.3767457004665849
Bifidobacterium,29.53688715130866,62,162,9.091864168099354,0.16932910906084178,0.30781389120405434
unclassified_Kiloniellaceae,12.22442570574617,39,73,9.044259801370256,0.2799603420498203,0.7398515086986004
Subdoligranulum,12.015670840993272,50,129,9.02144328860753,0.16164053075995174,0.7508064599963505
unclassified_Cyclobacteriaceae,29.048210646935445,81,139,8.94387929462176,0.3157894736842105,0.30789777047989464
Cardiobacterium,17.27303003754559,79,190,8.924246347511508,0.6666666666666666,0.5166578375718265
Comamonas,15.435279486400468,47,76,8.892458719437396,0.2857142857142857,0.5761125820411777
Aeromonas,9.777085388591978,39,62,8.876878250102374,0.7142857142857143,0.9079268409029161
unclassified_Planctomycetaceae,18.925912008811316,35,62,8.835702922482527,0.1864406779661017,0.4668574448813298
unclassified_Hydrogenophilaceae,13.339317299608034,69,163,8.83423708265355,0.6666666666666666,0.6622705558486968
Pediococcus,9.897756407946208,48,91,8.818365546523724,0.04504504504504504,0.8909459056240344
Morganella,9.89894348847748,57,126,8.815993611013537,0.29577464788732394,0.890599448443714
unclassified_Acidimicrobineae,11.121815178659622,82,251,8.690756241031751,0.5,0.7814152727252156
Flavonifractor,29.965707904506246,50,85,8.603072207737442,0.12686230248306998,0.28709724579687673
Acetanaerobacterium,12.91040984322295,43,82,8.526793339565646,0.21875,0.6604587649122238
unclassified_Elusimicrobiaceae,18.310925795113413,82,148,8.474236816075985,0.3333333333333333,0.4627967428243023
Serratia,22.96612374975944,81,215,8.416928493844361,0.6923076923076923,0.36649321346326563
Megamonas,25.49339638183612,90,171,8.339594831875452,0.1980363484437017,0.3271276493318622
unclassified_Alcaligenaceae,9.634624106302729,43,107,8.33233857764416,0.4772727272727273,0.8648327620994942
Denitrobacterium,8.33200987143312,48,103,8.332009871433119,1.0,0.9999999999999998
Mannheimia,11.019999830684387,39,62,8.332009871433119,0.23529411764705882,0.7560807622004897
unclassified_Subdivision5,9.398095550235332,39,73,8.317734763186266,0.5416666666666666,0.8850447113168568
unclassified_Alicyclobacillaceae,11.166722417182758,71,164,8.308331874103818,1.0,0.7440260054570175
Saccharofermentans,15.062166447776905,72,194,8.263654540281138,1.0,0.5486365171260479
Dysgonomonas,9.272423833922476,41,75,8.203354008474026,1.0,0.8847043831692273
unclassified_Dermatophilaceae,10.65359892858898,31,45,8.203025302262986,0.3333333333333333,0.7699769211557356
unclassified_Caulobacteraceae,9.705368439652387,60,180,8.101118722736473,1.0,0.8347049133795302
Coprobacillus,17.47504094237844,54,150,8.0085349476182,0.20212765957446807,0.45828418794698395
unclassified_Rhizomicrobium,14.188598061193153,45,82,7.870689180873481,0.22857142857142856,0.554719299745363
Fusobacterium,10.196956431465669,39,74,7.844937184569776,0.12035721534402273,0.7693410516457583
Anoxybacillus,8.597389677608788,25,36,7.844937184569776,1.0,0.9124789591660927
unclassified_Family,11.553931771750065,72,211,7.804088064090555,1.0,0.6754486886595554
Anaerofustis,15.066744607679755,55,114,7.779238877388734,0.1423487544483986,0.5163184934736025
Eggerthella,18.203140348716325,55,118,7.741104064028275,0.16582597730138715,0.4252620106054488
Acetivibrio,9.327725207361135,43,104,7.685399464035497,0.3333333333333333,0.8239307326474874
unclassified_Legionellaceae,8.652156244664628,36,70,7.364520517339839,1.0,0.8511774763523472
Cryptobacterium,9.683385287609276,59,195,7.249839144502325,0.5,0.7486884936592493
unclassified_Halothiobacillaceae,11.490253143668703,38,106,7.249839144502325,0.5,0.6309555632807875
Parasutterella,29.839224578660307,46,86,7.190818324564688,0.11789645748729344,0.24098542861288838
unclassified_Comamonadaceae,26.09549612038731,46,101,7.171779603521298,0.21311475409836064,0.2748282527542478
Cloacibacterium,7.591934085544252,49,141,7.1714743763253255,1.0,0.944617576432925
Solobacterium,20.77857745401607,47,101,6.930000843364549,0.1206896551724138,0.3335166162698555
unclassified_Thiohalobacter,9.84278955684732,38,76,6.896225007652616,1.0,0.7006372500217815
SR1_genera_incertae_sedis,19.304181150955735,54,116,6.805999148127018,0.2413793103448276,0.3525660630153203
EscherichiaShigella,15.501215816069527,47,140,6.78104899134361,0.12529160186625193,0.4374527180193151
unclassified_Methanobacteriaceae,17.73275517088701,62,124,6.743254142663875,0.26,0.3802710902891561
Hafnia,8.688531145089986,32,42,6.702448311634061,1.0,0.7714132803013213
Lachnobacterium,21.131846420927936,42,54,6.654585675739142,0.2727272727272727,0.31490791401686363
unclassified_Lactobacillaceae,9.642620402937748,22,24,6.59461126649382,0.0947075208913649,0.6839024031771164
unclassified_Anaerolineaceae,6.869112807062075,22,24,6.519124922632544,1.0,0.9490490410829021
Succiniclasticum,28.598265602193067,35,101,6.507333537432734,0.28785800034299436,0.22754294361591346
unclassified_Promicromonosporaceae,9.71792286612503,59,182,6.507333537432734,1.0,0.6696218551102268
Paraeggerthella,7.7103731547355245,36,57,6.504478222349752,0.76,0.8436009635091213
unclassified_Nitrosomonadaceae,8.863242048742237,30,57,6.205978065439757,0.3333333333333333,0.7001927772378093
unclassified_Holophagaceae,7.791357493656822,24,34,6.2057197962739385,0.3333333333333333,0.7964876212298309
unclassified_Acanthopleuribacteraceae,9.235628291527387,33,52,6.2057197962739385,0.25,0.6719326071153127
Butyricimonas,20.211148962938502,58,82,6.178808457020538,0.15430636180547327,0.30571287502510197
unclassified_Aeromonadaceae,6.815007169994177,32,71,6.038637521375043,1.0,0.8860794083919067
Acetitomaculum,19.502783417552664,34,48,6.012673737992397,0.13636363636363635,0.3082982366804598
unclassified_Pasteurellaceae,20.509568894413903,28,54,5.915310690614561,0.08259212198221093,0.2884171150094572
unclassified_Synergistaceae,24.33917118442549,30,61,5.852682728084226,0.16707021791767554,0.240463517994784
unclassified_Leuconostocaceae,10.52535375798815,40,109,5.852682728084226,0.2,0.5560556787597158
Clostridium_III,9.868436852456075,33,52,5.852424458918408,0.12962962962962962,0.5930447290101315
Anaerococcus,7.599495478629847,30,39,5.852424458918408,0.13972602739726028,0.7701069729399421
Varibaculum,6.717669584645921,30,39,5.852424458918408,0.5625,0.8711986180884604
unclassified_Eionea,9.493798008062143,33,48,5.650079753877412,0.5,0.5951337651253332
Finegoldia,6.542711957824688,30,39,5.611539243757022,0.4682080924855491,0.8576778681271396
Corynebacterium,25.150019279096995,80,233,5.3580198587222,0.3050847457627119,0.213042375803482
Tannerella,14.935436220574072,31,49,5.337659767364632,0.21052631578947367,0.3573822477318623
Gemella,25.862868939198478,60,103,5.309174746535189,0.09776536312849161,0.20528174035976562
Leuconostoc,13.497486280040814,17,23,5.2087200159035,0.11935483870967742,0.38590296799232976
Mobiluncus,7.262237750025513,25,35,5.208485225752756,0.4090909090909091,0.7172011444729219
Actinomyces,18.315419221286113,25,35,5.208485225752756,0.20372233400402415,0.28437706845931615
Leptotrichia,20.5856013979272,46,109,5.110205681437703,0.1702127659574468,0.2482417483295999
Peptoniphilus,6.542712745753398,30,39,5.040654670998237,0.13507625272331156,0.7704227385299647
Lactococcus,21.63103422713396,44,126,4.934605749360366,0.1240174672489083,0.22812620504156936
Allisonella,25.401419184986725,55,125,4.850515714665684,0.22651222651222652,0.19095451633397462
unclassified_Actinomycetaceae,26.09174253143002,62,154,4.818092984378415,0.34782608695652173,0.18465968605103922
Syntrophococcus,8.770490142581632,51,128,4.776349655478844,0.5,0.5445932414072476
unclassified_Acidimicrobiaceae,7.249469890785426,24,34,4.742573819766912,0.3333333333333333,0.6541959469057247
unclassified_Neisseriaceae,8.21917630311898,24,33,4.576517631667157,0.14035087719298245,0.5568097657097923
unclassified_Syntrophobacteraceae,11.098125046821837,47,114,4.52839903541308,0.4578313253012048,0.40803279980251034
Acidaminococcus,21.30863810986724,62,146,4.434648790455825,0.16858544398838723,0.20811507368940224
Cetobacterium,12.220148346091843,22,32,4.384485702073703,0.16666666666666666,0.3587915283758332
unclassified_Geobacteraceae,10.34092608638446,58,166,4.373540889126594,0.5,0.4229351271435045
unclassified_Dietziaceae,7.125569423107865,25,35,4.338569665444223,0.16981132075471697,0.6088733977349878
unclassified_TM7,8.390102985421576,38,88,4.336693503224007,0.3333333333333333,0.5168820347925803
unclassified_Desulfonatronaceae,11.217393187292458,46,84,4.261955404430136,0.6666666666666666,0.3799416970832636
Anaerofilum,9.765625128086015,71,197,4.1533270758601875,0.4,0.42530068698983603
Arcobacter,8.49985527730271,26,44,3.9573874244556824,0.4,0.46558291822016695
unclassified_Nakamurellaceae,8.33726546929952,43,133,3.7662412749040284,0.5,0.45173579859877727
unclassified_Enterobacteriaceae,14.293586990585675,15,21,3.7184725550694075,0.026758128064854447,0.26014971312089413
Elusimicrobium,7.529226574938523,33,77,3.5285023110101035,0.29820261437908496,0.4686407396418289
unclassified_Cystobacteraceae,22.244336236690245,53,102,3.358191482860227,0.4,0.15096838346298508
Marvinbryantia,3.352971528303176,18,20,3.352971528303176,0.7142857142857143,1.0
unclassified_Thermomicrobiaceae,4.304593993937859,18,20,3.352971528303176,0.3333333333333333,0.7789286360165794
Phocaeicola,3.678534086423536,16,19,3.352971528303176,0.5,0.9114966585950849
unclassified_Paenibacillaceae,13.124703703423343,26,50,3.3528071751976554,0.3253968253968254,0.2554577422058782
unclassified_Polyangiaceae,11.65125547238469,33,71,3.3528071751976554,0.3333333333333333,0.28776359621882264
unclassified_Chromatiaceae,6.9901383231987815,32,47,3.3528071751976554,0.5,0.4796481872283417
Butyrivibrio,5.484991084959837,26,55,3.3081662713036355,0.25,0.603130656014158
Cronobacter,7.31725411016705,33,71,3.162836931138352,0.14285714285714285,0.43224369189853734
Providencia,4.225489143901013,21,36,3.008294225077024,0.740506329113924,0.7119398778764195
Salmonella,5.135594485573858,19,41,2.7653855540701664,0.2,0.5384742821572601
Lachnospira,4.296092431655259,17,22,2.7653855540701664,0.5,0.6436978715108045
unclassified_Deinococcaceae,7.123289890463965,18,28,2.7653855540701664,0.08823529411764706,0.3882174664507507
Sneathia,6.569426521707577,27,37,2.76524467997972,0.6792452830188679,0.42092634278539065
Murdochiella,3.7435006909235087,8,10,2.76524467997972,0.375,0.7386788218536549
unclassified_Bacteroidales,6.680905324637866,30,75,2.76524467997972,0.3246753246753247,0.4139026891732833
unclassified_Porticoccus,2.91936359936818,10,15,2.576835511560132,0.3333333333333333,0.8826702888663203
unclassified_Burkholderiaceae,2.6033158913221106,36,86,2.1974589957465835,0.7058823529411765,0.8441000199290414
Photobacterium,5.817856721971648,26,53,2.1974589957465835,1.0,0.3777093697491185
unclassified_Thiohalophilus,3.890118670583645,23,58,2.1973416006712116,1.0,0.5648520743819722
unclassified_Dermacoccaceae,2.612907485235528,33,71,2.1973416006712116,0.5,0.840956525666328
Brachyspira,3.1787348844593795,14,24,2.1973416006712116,0.3333333333333333,0.6912629333807819
unclassified_Micromonosporaceae,1.854657968053178,16,19,1.854657968053178,1.0,1.0
Shuttleworthia,1.6531729024637078,13,22,1.6531729024637078,1.0,1.0
Mycoplasma,0.0,0,0,0.0,0.0,
Enterobacter,0.0,0,0,0.0,0.0,
Centipeda,0.0,0,0,0.0,0.0,
unclassified_Cryptosporangiaceae,0.0,0,0,0.0,0.0,
Cobetia,0.0,0,0,0.0,0.0,
unclassified_Corynebacterineae,0.0,0,0,0.0,0.0,
unclassified_Listeriaceae,0.0,0,0,0.0,0.0,
Paracoccus,0.0,0,0,0.0,0.0,
unclassified_Thermodesulfobacteriaceae,29.178511395794757,0,0,0.0,0.0,0.0
unclassified_Granulosicoccaceae,0.0,0,0,0.0,0.0,
Alloscardovia,3.2322723853354565,0,0,0.0,0.0,0.0
Coriobacterium,0.0,0,0,0.0,0.0,
Tetragenococcus,0.0,0,0,0.0,0.0,
unclassified_Mycoplasmataceae,0.0,0,0,0.0,0.0,
unclassified_Alteromonadales,0.0,0,0,0.0,0.0,
Kocuria,0.0,0,0,0.0,0.0,
Bradyrhizobium,0.0,0,0,0.0,0.0,
Brevibacillus,0.6637790883196385,0,0,0.0,0.0,0.0
Brochothrix,1.0695890382990088,0,0,0.0,0.0,0.0
Vampirovibrio,0.0,0,0,0.0,0.0,
unclassified_Phycisphaeraceae,0.0,0,0,0.0,0.0,
Bulleidia,15.4871798314976,0,0,0.0,0.0,0.0
Xylanibacter,0.0,0,0,0.0,0.0,
Methanobacterium,0.0,0,0,0.0,0.0,
Anaerorhabdus,18.708404801624855,0,0,0.0,0.0,0.0
Rhodococcus,0.0,0,0,0.0,0.0,
Pyramidobacter,3.2569803613536705,0,0,0.0,0.0,0.0
Anaeroglobus,3.8032656086588905,0,0,0.0,0.0,0.0
Pseudoramibacter,0.9323740241145996,0,0,0.0,0.0,0.0
Methylobacterium,0.0,0,0,0.0,0.0,
unclassified_Orbus,0.14481305708422218,0,0,0.0,0.0,0.0
unclassified_Nocardioidaceae,0.0,0,0,0.0,0.0,
unclassified_Nitrospiraceae,0.0,0,0,0.0,0.0,
Wohlfahrtiimonas,0.0,0,0,0.0,0.0,
